run,region,count,mean_error,rmse,sse_share
lambda1_baseline,near_wall,1416,-0.318,2.402,7.43
lambda1_baseline,coast,3508,-2.559,3.383,36.52
lambda1_baseline,shallow_interior,97,-0.916,1.388,0.17
lambda1_baseline,deep_interior,25896,-1.202,1.540,55.88
lambdaglobal_real_air_kv1e-6_kconv005,near_wall,1416,-0.317,2.402,7.71
lambdaglobal_real_air_kv1e-6_kconv005,coast,3508,-2.485,3.319,36.48
lambdaglobal_real_air_kv1e-6_kconv005,shallow_interior,97,-0.887,1.355,0.17
lambdaglobal_real_air_kv1e-6_kconv005,deep_interior,25896,-1.159,1.508,55.63
lambdaglobal_real_air_kv1e-5_kconv001,near_wall,1416,-0.323,2.402,7.56
lambdaglobal_real_air_kv1e-5_kconv001,coast,3508,-2.551,3.378,37.04
lambdaglobal_real_air_kv1e-5_kconv001,shallow_interior,97,-0.914,1.387,0.17
lambdaglobal_real_air_kv1e-5_kconv001,deep_interior,25896,-1.182,1.518,55.24
lambdaglobal_real_air_kv1e-6_kconv001,near_wall,1416,-0.322,2.401,7.74
lambdaglobal_real_air_kv1e-6_kconv001,coast,3508,-2.479,3.316,36.55
lambdaglobal_real_air_kv1e-6_kconv001,shallow_interior,97,-0.885,1.349,0.17
lambdaglobal_real_air_kv1e-6_kconv001,deep_interior,25896,-1.151,1.505,55.55
lambdaglobal_real_air_kv1e-6_kconv001_repeat,near_wall,1416,-0.323,2.401,7.77
lambdaglobal_real_air_kv1e-6_kconv001_repeat,coast,3508,-2.478,3.315,36.67
lambdaglobal_real_air_kv1e-6_kconv001_repeat,shallow_interior,97,-0.883,1.348,0.17
lambdaglobal_real_air_kv1e-6_kconv001_repeat,deep_interior,25896,-1.148,1.500,55.40
