run,quintile,count,mean_error,rmse,strat_min,strat_max
baseline,q1,6184,-0.552,1.476,-1.139,0.275
baseline,q2,6183,-1.131,1.490,0.275,0.626
baseline,q3,6183,-1.322,1.592,0.626,0.976
baseline,q4,6183,-1.465,1.750,0.976,1.738
baseline,q5,6184,-1.583,1.965,1.738,10.712
kv1e-6_kconv005,q1,6184,-0.525,1.456,-1.139,0.275
kv1e-6_kconv005,q2,6183,-1.094,1.461,0.275,0.626
kv1e-6_kconv005,q3,6183,-1.300,1.577,0.626,0.976
kv1e-6_kconv005,q4,6183,-1.410,1.708,0.976,1.738
kv1e-6_kconv005,q5,6184,-1.493,1.915,1.738,10.712
kv1e-5_kconv001,q1,6184,-0.543,1.472,-1.139,0.275
kv1e-5_kconv001,q2,6183,-1.105,1.458,0.275,0.626
kv1e-5_kconv001,q3,6183,-1.307,1.574,0.626,0.976
kv1e-5_kconv001,q4,6183,-1.446,1.732,0.976,1.738
kv1e-5_kconv001,q5,6184,-1.565,1.944,1.738,10.712
kv1e-6_kconv001,q1,6184,-0.519,1.455,-1.139,0.275
kv1e-6_kconv001,q2,6183,-1.082,1.452,0.275,0.626
kv1e-6_kconv001,q3,6183,-1.283,1.560,0.626,0.976
kv1e-6_kconv001,q4,6183,-1.403,1.702,0.976,1.738
kv1e-6_kconv001,q5,6184,-1.500,1.927,1.738,10.712
kv1e-6_kconv001_repeat,q1,6184,-0.518,1.453,-1.139,0.275
kv1e-6_kconv001_repeat,q2,6183,-1.081,1.453,0.275,0.626
kv1e-6_kconv001_repeat,q3,6183,-1.288,1.567,0.626,0.976
kv1e-6_kconv001_repeat,q4,6183,-1.402,1.701,0.976,1.738
kv1e-6_kconv001_repeat,q5,6184,-1.484,1.905,1.738,10.712
