lon,lat,depth,dist_land,raw_error,model_sst,woa_sst,wind_mag,strat50
137.5,34.5,588.4547334692522,1.0,-6.804517523447673,15.239048862457276,22.04356638590495,0.0034355209046095197,1.9103997548421248
285.5,35.5,1891.679612936692,2.0,-6.790441131591798,16.991449737548827,23.781890869140625,0.007666934262285016,1.679300308227539
284.5,35.5,1069.736802720201,1.0,-6.64665594100952,16.849741554260255,23.496397495269775,0.0054613012956176,0.8657975196838379
138.5,34.5,913.2383515007555,1.0,-6.6150542259216305,15.360018634796143,21.975072860717773,0.004598688059279954,1.7219982147216797
284.5,34.5,1576.517534560904,1.4142135623730951,-6.604975509643555,18.24983329772949,24.854808807373047,0.0063111889174064335,1.9156112670898438
350.5,55.5,591.1282694338229,1.4142135623730951,-6.568689393997192,5.093919706344605,11.662609100341797,0.012074719646533583,0.8198995590209961
349.5,56.5,1003.5136169135505,2.8284271247461903,-6.565205144882202,4.796104860305786,11.361310005187988,0.0073327789937959985,0.7112007141113281
348.5,56.5,1205.851018959984,3.605551275463989,-6.5629514217376705,4.797958040237427,11.360909461975098,0.007641664967328521,0.6805191040039062
351.5,55.5,334.56007729573446,1.0,-6.5611824035644535,5.012808418273925,11.573990821838379,0.010710941107718043,0.8591814041137695
347.5,56.5,1355.4730618177828,4.242640687119285,-6.547686672210693,4.7978133201599125,11.345499992370605,0.00784604805910393,0.6599903106689453
350.5,56.5,765.7740127266729,2.23606797749979,-6.543090295791626,4.797819662094116,11.340909957885742,0.007012232915067054,0.7241001129150391
346.5,56.5,1458.0059777045142,5.0,-6.527277326583862,4.796912813186646,11.324190139770508,0.008013104685640869,0.6513805389404297
349.5,55.5,883.1378633575372,2.23606797749979,-6.5029061794281,5.143693590164185,11.646599769592285,0.012797202799773144,0.796290397644043
352.5,58.5,507.77524501299644,2.23606797749979,-6.486454057693481,4.491855573654175,10.978309631347656,0.0007125358353417007,0.5122194290161133
345.5,56.5,1533.7825349280406,5.830951894845301,-6.481967878341675,4.795742082595825,11.2777099609375,0.008092513791352696,0.6246194839477539
351.5,56.5,531.0311585553388,2.0,-6.454107856750488,4.8014825820922855,11.255590438842773,0.00661058324286697,0.7208003997802734
348.5,55.5,1146.719290646108,2.8284271247461903,-6.431313562393188,5.212786626815796,11.644100189208984,0.013524919004721353,0.7596902847290039
344.5,56.5,1606.7954646376832,6.708203932499369,-6.427310848236084,4.794489002227783,11.221799850463867,0.008163396768492011,0.5936098098754883
349.5,57.5,1082.3117577270314,3.605551275463989,-6.410848617553711,4.658261299133301,11.069109916687012,0.003183451671983883,0.6453094482421875
347.5,55.5,1358.5935956614362,3.605551275463989,-6.409267330169678,5.236923313140869,11.646190643310547,0.014123956754783227,0.7228813171386719
350.5,57.5,876.843334079353,3.1622776601683795,-6.404308032989502,4.6579821586608885,11.06229019165039,0.0031083265720832443,0.6445999145507812
348.5,57.5,1242.5846739619897,4.242640687119285,-6.404307842254639,4.658483028411865,11.062790870666504,0.003252045757216812,0.6313905715942383
352.5,57.5,435.4676583470251,2.0,-6.402187204360962,4.657522344589234,11.059709548950195,0.002879093952871577,0.6821193695068359
346.5,55.5,1521.9852275674527,4.47213595499958,-6.398970746994019,5.229638910293579,11.628609657287598,0.014666523348009107,0.6749191284179688
345.5,55.5,1652.9301730317725,5.385164807134504,-6.390677642822266,5.212822723388672,11.603500366210938,0.015068222672500584,0.6372909545898438
351.5,57.5,652.7491966294689,2.8284271247461903,-6.3902050971984865,4.657804775238037,11.048009872436523,0.002990959673217008,0.656219482421875
343.5,56.5,1696.2879949789308,7.615773105863909,-6.382432317733764,4.793267869949341,11.175700187683105,0.008217149231630768,0.5776910781860352
347.5,57.5,1347.3602988794848,5.0,-6.376559257507324,4.658550262451172,11.035109519958496,0.0032756332464042226,0.6207094192504883
344.5,55.5,1769.7319319527464,6.324555320336759,-6.373934030532837,5.197375059127808,11.571309089660645,0.015403642093558476,0.6117992401123047
141.5,44.5,144.02385839975508,1.0,-6.349436330795288,5.678573083877564,12.028009414672852,0.011516045354724924,2.1928186416625977
134.5,33.5,576.5161319555305,1.0,-6.344976425170898,16.750289916992188,23.095266342163086,0.003593037436243126,1.3320357004801444
346.5,57.5,1407.100210301248,5.656854249492381,-6.337360763549805,4.6585298538208,10.995890617370605,0.0032913717477436456,0.6165809631347656
343.5,55.5,1886.9704045240405,7.280109889280518,-6.335668659210205,5.195630931854248,11.531299591064453,0.015659761517645945,0.591090202331543
342.5,56.5,1813.1406955374748,8.54400374531753,-6.334619855880737,4.7927710056304935,11.12739086151123,0.008283135670851299,0.5573816299438477
351.5,58.5,726.352760208998,3.1622776601683795,-6.29804425239563,4.491855573654175,10.789899826049805,0.0007201544030328637,0.5602998733520508
341.5,56.5,1959.520809485196,9.486832980505138,-6.281114292144776,4.791295337677002,11.072409629821777,0.008353505641165434,0.5416097640991211
345.5,57.5,1446.6116730858123,6.4031242374328485,-6.280595207214356,4.658395385742187,10.938990592956543,0.003285129700125185,0.5973901748657227
342.5,55.5,2014.0309871098013,8.246211251235321,-6.278642034530639,5.20254864692688,11.48119068145752,0.015863976177794236,0.572880744934082
350.5,58.5,940.8485609104675,4.123105625617661,-6.269253778457641,4.491855573654175,10.761109352111816,0.0007288565601806577,0.5771999359130859
349.5,58.5,1125.6256265073305,4.47213595499958,-6.26304440498352,4.491855573654175,10.754899978637695,0.0007269023524764704,0.5939092636108398
283.5,34.5,739.1106524966256,1.0,-6.258927249908446,18.62232551574707,24.881252765655518,0.0048295084429727285,1.3853631019592285
348.5,58.5,1258.9630117133215,5.0,-6.252654123306274,4.491855573654175,10.74450969696045,0.000724246722358327,0.5931100845336914
341.5,55.5,2155.510616224637,9.219544457292887,-6.245824241638184,5.171375846862793,11.417200088500977,0.01603524631220447,0.5525093078613281
352.5,56.5,334.8080224973919,1.4142135623730951,-6.240192699432373,4.80470724105835,11.044899940490723,0.00623031731463675,0.6592903137207031
344.5,57.5,1493.7861653705847,7.211102550927978,-6.228933334350586,4.658176422119141,10.887109756469727,0.0032846539021247336,0.5847196578979492
347.5,58.5,1335.5062617330639,5.656854249492381,-6.2281351566314695,4.491855573654175,10.719990730285645,0.000714930893568087,0.5949811935424805
353.5,57.5,227.06931065197628,1.0,-6.215373516082764,4.657150363922119,10.872523880004882,0.002626774874196393,0.5497537612915036
340.5,56.5,2129.407331635106,10.44030650891055,-6.210659408569336,4.793349838256836,11.004009246826172,0.008452326084166456,0.5250091552734375
340.5,55.5,2310.83511922667,10.198039027185569,-6.205922794342041,5.12916784286499,11.335090637207031,0.016161269812770718,0.544281005859375
346.5,58.5,1369.8332724626985,6.4031242374328485,-6.192753839492798,4.491855573654175,10.684609413146973,0.0007078186195454932,0.5828189849853516
343.5,57.5,1570.0520915175534,8.06225774829855,-6.181078290939331,4.657911920547486,10.838990211486816,0.003287428048032984,0.5730810165405273
352.5,55.5,192.31485122292966,1.0,-6.155626535415649,5.001368761062622,11.156995296478271,0.009378717369068625,0.6119256019592285
345.5,58.5,1389.9677632509697,7.0710678118654755,-6.139334726333618,4.491855573654175,10.631190299987793,0.0007026368904085981,0.5818805694580078
342.5,57.5,1685.8058671469062,8.94427190999916,-6.135188817977905,4.657611131668091,10.792799949645996,0.003308873817758153,0.5600900650024414
339.5,56.5,2309.5583086521574,11.40175425099138,-6.11942343711853,4.796866846084595,10.916290283203125,0.008561920102264881,0.5115900039672852
341.5,57.5,1839.9871222734612,9.848857801796104,-6.086964797973633,4.65722541809082,10.744190216064453,0.003340083011941875,0.5454807281494141
344.5,58.5,1425.8251056625295,7.810249675906654,-6.086454439163208,4.491855573654175,10.578310012817383,0.0007034747998441985,0.5789003372192383
339.5,55.5,2473.191523910614,11.180339887498949,-6.078420114517212,5.15258936882019,11.231009483337402,0.01627559164753279,0.5269994735717773
353.5,58.5,302.380972168032,1.4142135623730951,-6.065292882919311,4.491855573654175,10.557148456573486,0.0006969291472108252,0.5100215276082363
139.5,34.5,1286.046048750206,1.0,-6.047715854644775,15.569475460052491,21.617191314697266,0.006517029317467949,1.7661819458007812
141.5,35.5,2237.7780434524334,1.4142135623730951,-6.044918632507324,15.306491279602051,21.351409912109375,0.009592443254076844,1.710000991821289
343.5,58.5,1499.235226151508,8.602325267042627,-6.038853693008423,4.491855573654175,10.530709266662598,0.0007098875996395751,0.5762996673583984
354.5,58.5,121.27574329478051,1.0,-6.034344720840454,4.491855573654175,10.526200294494629,0.0006728689377603937,0.46440982818603516
349.5,59.5,1143.8081163261165,5.385164807134504,-6.029656887054443,4.366852283477783,10.396509170532227,0.0,0.5511188507080078
340.5,57.5,2021.6090094675255,10.770329614269007,-6.028536319732666,4.65735387802124,10.685890197753906,0.003404029933254391,0.5306997299194336
350.5,59.5,969.7196966264448,4.47213595499958,-6.02545690536499,4.366852283477783,10.392309188842773,0.0,0.5281991958618164
348.5,59.5,1263.8313323726393,5.830951894845301,-6.0186381340026855,4.366852283477783,10.385490417480469,0.0,0.5560808181762695
338.5,56.5,2482.0681683473636,12.36931687685298,-6.008302688598633,4.795988082885742,10.804290771484375,0.008722925951164433,0.5018815994262695
347.5,59.5,1326.9324310028976,6.4031242374328485,-5.995347499847412,4.366852283477783,10.362199783325195,0.0,0.5625905990600586
342.5,58.5,1619.1457530833566,9.433981132056603,-5.993544626235962,4.491855573654175,10.485400199890137,0.0007244295065506048,0.5682001113891602
351.5,59.5,761.4753403750557,3.605551275463989,-5.989537715911865,4.366852283477783,10.356389999389648,0.0,0.49388980865478516
352.5,59.5,545.7212386710883,2.8284271247461903,-5.988438129425049,4.366852283477783,10.355290412902832,0.0,0.4716806411743164
346.5,59.5,1349.915557754869,7.0710678118654755,-5.983038425445557,4.366852283477783,10.34989070892334,0.0,0.57318115234375
135.5,33.5,856.7642544615471,1.0,-5.977332305908202,16.73498992919922,22.712322235107422,0.004675387307044158,1.6091718673706055
140.5,34.5,2026.9794649487844,1.4142135623730951,-5.962360286712647,15.97414026260376,21.936500549316406,0.008997596537620698,1.4296092987060547
345.5,59.5,1362.3820331850254,7.810249675906654,-5.955856800079346,4.366852283477783,10.322709083557129,0.0,0.5764093399047852
353.5,56.5,164.1633100294365,1.0,-5.9530855178833,4.8004144668579105,10.753499984741211,0.005127135240838583,0.3719000816345215
339.5,57.5,2212.4121760461376,11.704699910719626,-5.95289454460144,4.657314920425415,10.610209465026855,0.0034790708802871517,0.5168190002441406
338.5,55.5,2629.9918901137285,12.165525060596439,-5.949684572219849,5.15272479057312,11.102409362792969,0.01636063225895566,0.5109186172485352
341.5,58.5,1781.4582050911174,10.295630140987,-5.945835161209106,4.491855573654175,10.437690734863281,0.0007438513421247211,0.5585908889770508
353.5,59.5,345.845709829636,2.0,-5.917738437652588,4.366852283477783,10.284590721130371,0.0,0.46790027618408203
344.5,59.5,1394.9761448096044,8.48528137423857,-5.915738582611084,4.366852283477783,10.282590866088867,0.0,0.5742912292480469
340.5,58.5,1971.4004681723052,11.180339887498949,-5.889953660964966,4.491855573654175,10.38180923461914,0.0007715024301767285,0.5466184616088867
343.5,59.5,1469.3037271570408,9.219544457292887,-5.876247882843018,4.366852283477783,10.2431001663208,0.0,0.5761098861694336
337.5,56.5,2628.814151559298,13.341664064126334,-5.868082475662232,4.795517492294311,10.663599967956543,0.00889511532156629,0.4966001510620117
338.5,57.5,2390.971055613996,12.649110640673518,-5.858122873306274,4.65726752281189,10.515390396118164,0.00358351181756494,0.5106000900268555
134.5,32.5,1381.978546955278,1.4142135623730951,-5.842569351196289,17.34123992919922,23.183809280395508,0.0053405052476330804,1.2977180480957031
342.5,59.5,1593.1658490645423,10.0,-5.829456806182861,4.366852283477783,10.196309089660645,0.0,0.5769996643066406
285.5,34.5,2348.1741607323156,2.23606797749979,-5.823317146301271,18.286273384094237,24.109590530395508,0.006858861168906335,0.9509811401367188
339.5,58.5,2167.3574458863513,12.083045973594572,-5.820334482192993,4.491855573654175,10.312190055847168,0.0008022111455203084,0.5358800888061523
337.5,55.5,2766.1255353520146,13.152946437965905,-5.788074588775634,5.160315418243409,10.948390007019043,0.0164493119085781,0.5110807418823242
341.5,59.5,1760.6317861144387,10.816653826391969,-5.77733850479126,4.366852283477783,10.144190788269043,0.0,0.5741815567016602
354.5,59.5,181.00468132659097,1.0,-5.771937847137451,4.366852283477783,10.138790130615234,0.0,0.46179962158203125
137.5,33.5,1412.2964406655287,1.4142135623730951,-5.767340087890624,16.248868560791017,22.01620864868164,0.007278880959755201,1.9304084777832031
138.5,33.5,1744.6628668115027,2.0,-5.7532806396484375,16.369510650634766,22.122791290283203,0.008383239904660925,1.663492202758789
337.5,57.5,2537.83502243205,13.601470508735444,-5.734178304672241,4.657231569290161,10.391409873962402,0.003694302149614799,0.5058097839355469
338.5,58.5,2345.9589008383773,13.0,-5.733154344558716,4.491855573654175,10.22500991821289,0.0008336337653697193,0.5323190689086914
340.5,59.5,1954.884505160688,11.661903789690601,-5.7178568840026855,4.366852283477783,10.084709167480469,0.0,0.5693187713623047
139.5,43.5,586.1157292670107,1.4142135623730951,-5.707251071929932,6.2924485206604,11.999699592590332,0.02074763262806518,4.154489517211914
336.5,56.5,2736.1401528700794,14.317821063276353,-5.702323389053345,4.795067358016968,10.497390747070312,0.009019630515001249,0.5011911392211914
