run,group,cells,area_m2,sst_bias_c,sst_rmse_c,cold_lt_minus1_share,mean_land_distance_cells,mean_speed_m_s,surface_advection_k_per_day,surface_convection_k_per_day,surface_bulk_flux_k_per_day,surface_gm_k_per_day,surface_net_k_per_day,upper_50_200m_advection_k_per_day,upper_50_200m_convection_k_per_day
gm0,near_wall_all,548,1787286875714.807,-1.0809832643442634,1.1857896404811352,0.5675182481751825,6.441815361950178,0.04160174488300259,-0.03767282616877239,0.4551386310005436,0.13429844050505332,0.0,0.5517642453368247,-0.0002959880449679611,-0.006263771000214396
gm0,coastal_dist_le3,122,394014014511.63696,-1.4525611883686806,1.5390456170866214,0.8360655737704918,2.115348995778417,0.03615695177769151,-0.04396577017139402,0.7513477496982405,0.07014963837590577,0.0,0.7775316179027523,-0.004053425876962719,-0.008538434595023254
gm0,interior_dist_gt3,426,1393272861203.17,-0.9759019743646895,1.0648409877220517,0.49061032863849763,7.665329024674372,0.04314151849759543,-0.035893197641860095,0.37137144709641784,0.15243955826944527,0.0,0.48791780772400306,0.0007666057984114863,-0.005620501932387905
gm0,highlat_interior_59_60,56,172450988760.78293,-1.196831536436721,1.2459086396491899,0.6785714285714286,6.749999999999999,0.0410144326067203,-0.09222739450314471,0.37935862527384806,0.1835303290489472,0.0,0.4706615598196505,0.0063789809142329144,-0.004429231960258383
gm0,interior_coldest_100,100,326124004030.0446,-1.5162586662560367,1.5328966665965267,1.0,6.164049640279943,0.04337118175160703,-0.027449138161868936,0.26142600674971544,0.16409540393045338,0.0,0.39807227251829996,0.0017350735304726707,-0.002841658351320433
gm500,near_wall_all,548,1787286875714.807,-1.1458932088666842,1.2463687353051913,0.6368613138686131,6.441815361950178,0.04182585417951606,-0.07520907469679164,0.2805648189986317,0.15622803318010944,0.0551974206403665,0.416781198122316,0.0007472284350104882,-0.0032519407635192453
gm500,coastal_dist_le3,122,394014014511.63696,-1.4473809177276138,1.5373997744634365,0.8524590163934426,2.115348995778417,0.036402304194127086,-0.08574124307392919,0.4710047551576768,0.06839950246158648,0.10389606430469066,0.5575590788500246,-0.0026696049271417617,-0.006707314777222642
gm500,interior_dist_gt3,426,1393272861203.17,-1.0606332531164318,1.150792327333923,0.5751173708920188,7.665329024674372,0.04335962029393119,-0.07223060432006667,0.22670889037272896,0.18106571784381556,0.04142556831642028,0.37696957221289806,0.0017135002023198102,-0.002274769798168811
gm500,highlat_interior_59_60,56,172450988760.78293,-1.341953313999944,1.3933065156111044,0.8035714285714286,6.749999999999999,0.04349375072273894,-0.15669476864021348,0.30601747786127886,0.23255920272395555,0.03208134767292188,0.4139632596179428,0.008113271726793514,-0.001388794146478414
gm500,interior_coldest_100,100,322880801921.66034,-1.6302766031591762,1.6382341924557824,1.0,6.832632203540791,0.0430019083876144,-0.18331656146851477,0.030922177618832716,0.310165863808174,-0.0037335733807912956,0.1540379065777006,-0.0019615045325777998,-9.320987624922687e-05
