run,rank,lon_e,lat_n,raw_error_c,sst_c,woa_c,mean_speed_m_s,land_distance_cells,surface_advection_k_per_day,surface_convection_k_per_day,surface_bulk_k_per_day,surface_total_k_per_day,upper_50_200m_convection_k_per_day
gm0,1,301.35,58.75,-2.5219019159674763,0.5404177382588387,3.062319654226315,0.06414936547718232,4.0,0.22927846148377284,1.6920918438700028,-0.2393574460702546,1.682012859283521,-0.010833301663737416
gm0,2,300.65000000000003,59.45000000000002,-2.4611254319548808,0.29763854295015335,2.758763974905034,0.06915220294715028,4.0,0.10811464107973734,2.4912357330322266,-0.46811083725626523,2.1312395368556984,-0.02014295933570054
gm0,3,302.05,58.05000000000001,-2.2448385548591694,1.0113765001296997,3.256215054988869,0.05415134970590521,4.0,0.2018101036810549,1.355936769687105,-0.10713211265040466,1.4506147607177553,-0.010821046952891322
gm0,4,302.05,58.75,-2.155499526858335,1.246935397386551,3.402434924244886,0.0718413215115835,4.0,0.0890514429556788,1.4689984804135747,-0.17996548730571785,1.3780844360635356,-0.010735516334303696
gm0,5,301.35,59.45000000000002,-2.1284594386816167,1.0086051672697067,3.1370646059513234,0.07064385134291142,4.0,0.3205799002898857,2.244463087117765,-0.39194008119941637,2.1731029062082343,-0.01835811205612714
gm0,6,302.75000000000006,58.05000000000001,-1.9518951952457684,1.6125399768352509,3.5644351720810192,0.06103237332016487,4.0,0.05324863795976853,1.1732749961083755,-0.0978571960991968,1.1286664379689473,-0.010114419023921073
gm0,7,302.75000000000006,57.35000000000002,-1.8489519238472312,1.4857758581638336,3.334727782011065,0.04659521144430466,4.0,0.13317862212716136,1.2894883089757059,-0.09876948660317875,1.3238974444996885,-0.013243907743287764
gm0,8,302.75000000000006,58.75,-1.8291221261024693,1.883424162864685,3.7125462889671543,0.0687840055083894,5.0,0.09063356974365888,1.4449826383497566,-0.17192734915506622,1.3636888589383493,-0.011140100518858276
gm0,9,302.05,59.45000000000002,-1.786111233830459,1.6845313012599945,3.4706425350904535,0.07576254072799042,5.0,0.10572657097327465,2.0229328831192106,-0.3242273072661824,1.804432146826303,-0.01704723097404326
gm0,10,303.45000000000005,58.05000000000001,-1.7065510201454375,2.1350004076957703,3.8415514278412077,0.05799068466297665,5.0,0.054502037392012426,1.087143829499837,-0.061992736907620985,1.0796531299842285,-0.009725423845452497
gm0,11,341.95000000000005,59.45000000000002,-1.7036171746253945,8.478602647781372,10.182219822406767,0.03908261606448452,6.0,-0.40140897617675364,0.0,0.38960206902191924,-0.0118069071548344,0.0
gm0,12,342.65000000000003,59.45000000000002,-1.66650499820709,8.551266193389893,10.217771191596983,0.03803620831833459,6.0,-0.31086793478607433,0.0,0.37646077443929976,0.06559283965322543,0.0
gm0,13,341.25000000000006,59.45000000000002,-1.6626410841941777,8.481399297714233,10.144040381908411,0.04052475335072748,6.0,-0.37851444612897467,0.0,0.37724940634455373,-0.0012650397844209404,0.0
gm0,14,312.55,55.25,-1.6607043385505706,4.214623212814331,5.875327551364902,0.041433802299486115,7.0,-0.011125939568046306,-0.11423583732721454,0.24059219187487926,0.11523041497961842,0.0
gm0,15,311.85,55.25,-1.6521603584289615,4.027233779430389,5.679394137859351,0.044431441377761484,7.0,-0.010549907904078282,-0.14666336369373312,0.23893873240635946,0.08172546080854806,0.0
gm0,16,313.25000000000006,55.25,-1.6492087244987612,4.382463693618774,6.031672418117536,0.038206202441677654,7.0,-0.011241635922942805,-0.14909408328094287,0.24538750872735818,0.0850517895234725,0.0
gm0,17,303.45000000000005,57.35000000000002,-1.6467730653286274,1.9521101117134094,3.598883177042037,0.049949948895361196,4.0,0.024581503271292604,1.0005822390667163,-0.03354020510844014,0.9916235372295688,-0.010922666668733427
gm0,18,311.15000000000003,55.25,-1.6455520629882923,3.819969356060028,5.46552141904832,0.04727072684221906,7.0,-0.00962113092555228,-0.045736771016891,0.24174498936728686,0.18638708742484358,0.0
gm0,19,310.45000000000005,55.25,-1.641595816612261,3.5926984548568726,5.234294271469134,0.049717695441809026,7.0,-0.007271378098039349,-0.055752180651325034,0.23778049607882595,0.17475693732946157,0.0
gm0,20,313.95000000000005,55.25,-1.6386690616607744,4.530585527420044,6.169254589080818,0.035042932635400544,7.0,-0.011339613945438032,-0.1407966560236673,0.24091634276203205,0.08878007279292671,0.0
gm0,21,314.65000000000003,55.25,-1.6257036149501847,4.6635743379592896,6.289277952909474,0.0318547004157473,7.0,-0.011183147898918833,-0.11872238196701801,0.2415578145985484,0.11165228473261155,0.0
gm0,22,309.75000000000006,55.25,-1.6158865094185089,3.355195462703705,4.971081972122214,0.05182023771932886,7.0,-0.004954681350000101,-0.2448935050779255,0.2372728781335629,-0.012575308294362708,0.0
gm0,23,310.45000000000005,55.95000000000002,-1.5963407909870266,3.6040270924568176,5.200367883443844,0.04422768972378465,7.0,-0.0030710029591318744,-0.11153114430726419,0.224333276935175,0.10973112966877893,0.0
gm0,24,315.35,55.25,-1.5963388264179263,4.786800503730774,6.3831393301487,0.028892189083657607,7.0,-0.010700538439323282,-0.08401244904234773,0.238550812697898,0.14383782521622698,0.0
gm0,25,309.75000000000006,55.95000000000002,-1.5948754012584843,3.420745313167572,5.015620714426056,0.046751604251370836,7.0,-0.0004240888983986224,-0.08674598657307797,0.21986093037940552,0.13269085490792892,0.0
gm0,26,311.15000000000003,55.95000000000002,-1.5791776025295308,3.7833282947540283,5.362505897283559,0.041400785269825296,6.0,-0.0039860317542661505,-0.1334509257276295,0.23015044719535585,0.09271348971346019,0.0
gm0,27,343.35,59.45000000000002,-1.5713987874984703,8.67907428741455,10.250473074913021,0.03665691198161845,6.0,-0.16803813396109035,0.0,0.3516966769592671,0.18365854299817674,0.0
gm0,28,309.05,55.95000000000002,-1.5692684209346828,3.2441447377204895,4.813413158655172,0.04867596695870585,7.0,0.002886541437874257,-0.05255309956169185,0.20997194857676654,0.16030539045294895,0.0
gm0,29,303.45000000000005,58.75,-1.566577768325823,2.419468939304352,3.986046707630175,0.06808141478789478,5.0,0.09327738939646224,1.375951104273554,-0.1299545684395831,1.339273925230433,-0.011579575711095913
gm0,30,309.05,55.25,-1.563461768627172,3.1249825954437256,4.6884443640708975,0.05341934701386677,7.0,-0.0009984590178646613,-0.1820674876398698,0.22703455413768553,0.04396860747995107,0.0
gm0,31,311.85,55.95000000000002,-1.5623716962337504,3.949304521083832,5.511676217317582,0.038176870965419975,6.0,-0.005137734103755065,-0.13294006387241097,0.2295095925594937,0.09143179458332767,0.0
gm0,32,342.65000000000003,58.75,-1.5597372293472347,8.860242128372192,10.419979357719427,0.0443866463662018,7.0,-0.2019835403189063,0.0,0.3176864183296492,0.11570287801074292,0.0
gm0,33,341.95000000000005,58.75,-1.5594887614250208,8.826792240142822,10.386281001567843,0.045334419644335947,7.0,-0.17847696763055865,0.0,0.30178655485861566,0.12330958722805702,0.0
gm0,34,316.05,55.25,-1.5502666592597976,4.9067758321762085,6.457042491436006,0.026184783725039577,7.0,-0.009999035762575659,-0.041301728424514295,0.2296953461984988,0.17839458201140884,0.0
gm0,35,312.55,55.95000000000002,-1.5467935860156974,4.100536227226257,5.647329813241955,0.03466660289563214,6.0,-0.00630567465123022,-0.22008774210462434,0.23202348462004682,0.005630067864192262,0.0
gm0,36,340.55,59.45000000000002,-1.530148231983178,8.572381019592285,10.102529251575463,0.04161232352385919,6.0,-0.5529526100872317,0.0,0.3630203297457455,-0.18993228034148624,0.0
gm0,37,313.25000000000006,55.95000000000002,-1.5167755782604235,4.236461281776428,5.753236860036852,0.031197714901181204,6.0,-0.007414181754938909,-0.05584075911428954,0.23652933125919434,0.1732743903899659,0.0
gm0,38,308.35,55.95000000000002,-1.5122916233539705,3.0816359519958496,4.59392757534982,0.05004429011067296,6.0,0.005987374231608555,0.027038726803141344,0.19167662782722486,0.22470272886197476,0.0
gm0,39,343.35,58.75,-1.512261366844177,8.939693689346313,10.45195505619049,0.04312924173276482,7.0,-0.1980672237550607,0.0,0.3228706561441686,0.1248034323891079,0.0
gm0,40,304.15000000000003,58.05000000000001,-1.5091794806718966,2.5628565549850464,4.072036035656943,0.055823609297440145,5.0,0.0560172800305736,0.9977714202250354,-0.03448209949036956,1.0193066007652394,-0.01010157072549589
gm0,41,341.25000000000006,58.75,-1.505622684955597,8.844497680664062,10.35012036561966,0.046369544180256426,7.0,-0.11468933307696716,0.0,0.2686040464721604,0.15391471339519325,0.0
gm0,42,309.05,56.650000000000006,-1.5008859968185435,3.391577363014221,4.892463359832765,0.042113157790545315,6.0,0.005366219647839898,-0.03542473041306948,0.2038832408310897,0.1738247300658601,0.0
gm0,43,304.15000000000003,57.35000000000002,-1.4973213279247521,2.343466818332672,3.8407881462574243,0.049178764133532685,4.0,0.033546023610142583,0.8466750950901769,0.0042159659541258,0.8844370846544453,-0.009079667293221405
gm0,44,316.75000000000006,55.25,-1.493063867092137,5.030551791191101,6.523615658283238,0.023740634557126838,7.0,-0.009481973120273324,-0.02673797660079913,0.21955585025018673,0.18333590052911428,0.0
gm0,45,309.75000000000006,56.650000000000006,-1.490964037179956,3.527582824230194,5.01854686141015,0.0399060813958278,6.0,0.0038517714074259857,-0.16354660929209786,0.2124634917754275,0.052768653890755635,0.0
gm0,46,313.95000000000005,55.95000000000002,-1.4898276591300945,4.353906989097595,5.84373464822769,0.02761835926030825,6.0,-0.007825995544408215,-0.29988557439537544,0.232653381792234,-0.07505818814754966,0.0
gm0,47,308.35,56.650000000000006,-1.4883701825141964,3.2631596326828003,4.751529815196997,0.043882891777945826,6.0,0.008196069973109843,0.024799577226986003,0.18745488096273333,0.22045052816282917,0.0
gm0,48,350.35,59.45000000000002,-1.4881896853446897,8.92311143875122,10.41130112409591,0.02821852186783215,4.0,-0.25453190955886384,0.0,0.3056878871869646,0.05115597762810076,0.0
gm0,49,302.75000000000006,59.45000000000002,-1.484584224224113,2.2828454971313477,3.7674297213554606,0.07488816744058993,5.0,0.14169510313877254,1.9397454932914115,-0.29118247702467914,1.790258119405505,-0.016347639741098874
gm0,50,308.35,55.25,-1.467644086480151,2.9192216992378235,4.3868657857179745,0.05467548887846171,6.0,0.0032067000063307205,-0.01913681071528117,0.20014933827759715,0.1842192275686467,0.0
gm0,51,310.45000000000005,56.650000000000006,-1.4632941377163,3.6669822335243225,5.1302763712406225,0.03696915245419999,6.0,-1.4440365703194402e-05,-0.04126464955334086,0.21531710447889277,0.1740380145598487,0.0
gm0,52,314.65000000000003,55.95000000000002,-1.4629716730117748,4.459782958030701,5.9227546310424755,0.02431018092397256,6.0,-0.0070816487777847215,-0.17920625060696693,0.2326862270727719,0.04639832768802024,0.0
gm0,53,344.05,59.45000000000002,-1.4494467353820735,8.829976797103882,10.279423532485955,0.0359100220462396,6.0,-0.2078020610497333,0.0,0.3339240055814586,0.12612194453172532,0.0
gm0,54,307.65000000000003,56.650000000000006,-1.4457729315757835,3.1396127939224243,4.585385725498208,0.04525500433471781,5.0,0.010526525647946983,0.15121581882340251,0.16938090779269732,0.3311232522640468,-0.0032056112388545444
gm0,55,342.65000000000003,58.05000000000001,-1.4353487682342525,9.195237159729004,10.630585927963256,0.051530953278518546,8.0,-0.1008522470783646,0.0,0.25464542621405756,0.15379317913569296,0.0
gm0,56,344.05,58.75,-1.433945035934446,9.049927234649658,10.483872270584104,0.04222190215266957,7.0,-0.19214292897231644,0.0,0.32784326895383525,0.1357003399815188,0.0
gm0,57,341.95000000000005,58.05000000000001,-1.4312497711181624,9.166017293930054,10.597267065048216,0.05236227667654033,8.0,-0.048901028276304714,0.0,0.222316873229018,0.17341584495271328,0.0
gm0,58,315.35,55.95000000000002,-1.4300498390197696,4.561028718948364,5.991078557968134,0.02112033170176711,6.0,-0.006034986552094779,-0.07941055275750841,0.2284262870437262,0.142980747734123,0.0
gm0,59,311.15000000000003,56.650000000000006,-1.4294899523258255,3.8034186959266663,5.232908648252492,0.033824638092488424,6.0,-0.0027831364604935516,-0.06283218353928532,0.21917173819585967,0.1535564181960808,0.0
gm0,60,317.45000000000005,55.25,-1.419623887538913,5.167168617248535,6.586792504787448,0.021747160960182064,7.0,-0.009310040559284971,-0.05747223136438606,0.21280482582979968,0.14602255390612864,0.0
gm0,61,307.65000000000003,55.95000000000002,-1.4143752443790625,2.9322814345359802,4.346656678915043,0.05106473874481696,5.0,0.008456243807586361,0.13810638311042567,0.16893718457677434,0.31549981149478634,-0.0013550673543250014
gm0,62,304.85,57.35000000000002,-1.4075520128011885,2.658226191997528,4.0657782047987165,0.04752798993116687,4.0,0.02594141068357203,0.7266014050401282,0.028247267147472516,0.7807900828711727,-0.009637755022551264
gm0,63,343.35,58.05000000000001,-1.4022332000732405,9.26034665107727,10.662579851150511,0.05049054511477144,8.0,-0.13588873780463473,0.0,0.27750386216588824,0.1416151243612535,0.0
gm0,64,340.55,58.75,-1.402075517177579,8.908297777175903,10.310373294353482,0.04682669022773959,7.0,-0.10304836505383719,0.0,0.2480790287975523,0.14503066374371512,0.0
gm0,65,311.85,56.650000000000006,-1.4010167062282575,3.927601158618927,5.3286178648471845,0.030222304255035207,5.0,-0.0035949340144725284,-0.06773689347028267,0.21785290933202145,0.14652108184726625,0.0
gm0,66,316.05,55.95000000000002,-1.39013702273368,4.66520893573761,6.05534595847129,0.018476886524982715,6.0,-0.005271888551305892,-0.030581816861285915,0.21731786705793307,0.18146416164534127,0.0
gm0,67,341.25000000000006,58.05000000000001,-1.3870530605316134,9.174319982528687,10.5613730430603,0.05307028879258569,8.0,-0.006844278436801687,0.009039001611199637,0.1773114594005117,0.17950618257490966,0.0
gm0,68,306.95000000000005,56.650000000000006,-1.381288286447539,3.009870409965515,4.391158696413054,0.04616814079591884,5.0,0.013070609043097647,0.27180038177903043,0.13992184684297276,0.42479283766510084,-0.007172115164166826
gm0,69,312.55,56.650000000000006,-1.3797314083576184,4.036953091621399,5.416684499979017,0.026434345711744526,5.0,-0.010734049885741115,-0.06083816806494724,0.2199922831365464,0.14842006518585804,0.0
gm0,70,349.65000000000003,59.45000000000002,-1.3784237027168196,9.035453081130981,10.413876783847801,0.03284550059747587,5.0,0.0025670650757092517,0.0,0.3110058614679183,0.31357292654362756,0.0
gm0,71,304.85,58.05000000000001,-1.3751418244838796,2.8966707587242126,4.271812583208092,0.05208824985783622,5.0,0.03516095339364256,0.8637829392682761,-0.00543638323134835,0.8935075094305703,-0.009831344933353137
gm0,72,307.65000000000003,57.35000000000002,-1.3718842887878502,3.343798577785492,4.715682866573342,0.040378854113133016,6.0,0.010362130660723778,0.13001083704011762,0.17134915137076911,0.3117221190716105,-0.005582029584161319
gm0,73,308.35,57.35000000000002,-1.368862042427068,3.439949691295624,4.808811733722692,0.03819350574959956,5.0,0.005879580726286804,-0.0709133171767462,0.19039390285205335,0.12536016640159395,0.0
gm0,74,305.55,57.35000000000002,-1.3683708083629744,2.904607594013214,4.2729784023761885,0.04574886937634695,5.0,0.01905597333689002,0.5735069291404216,0.07537982158091222,0.6679427240582239,-0.008632123323337737
gm0,75,330.05,59.45000000000002,-1.3630139231681824,7.031561613082886,8.394575536251068,0.04575614259238147,12.0,-0.0038932406482672377,0.2939199893262412,0.14982125414696779,0.43984800282494174,0.0
gm0,76,306.95000000000005,57.35000000000002,-1.359468642473236,3.2333081364631653,4.592776778936401,0.04229976923588273,6.0,0.01446673861664749,0.31798004511074396,0.13329683340534246,0.46574361713273393,-0.005812972341878719
gm0,77,330.75000000000006,59.45000000000002,-1.356215107440958,7.203251242637634,8.559466350078592,0.043830253390665146,11.0,-0.058006952713185456,0.0,0.20710752466206955,0.1491005719488841,0.0
gm0,78,306.25000000000006,57.35000000000002,-1.3548357427120434,3.091718077659607,4.44655382037165,0.043697342006352925,5.0,0.014704837667522952,0.44737083444488235,0.0992463035248487,0.5613219756372541,-0.007586457462238627
gm0,79,304.15000000000003,58.75,-1.3509559810161695,2.8442720770835876,4.195228058099757,0.06288290399310159,6.0,0.07332419277190638,1.2474831673898734,-0.09524878543243445,1.2255585747293454,-0.012940466029931486
gm0,80,313.25000000000006,56.650000000000006,-1.3509347617626224,4.13536536693573,5.486300128698352,0.022584688406860957,5.0,-0.0066519739220893825,-0.20702773526863893,0.22392863600852947,0.010248926817801152,0.0
gm0,81,344.75000000000006,58.75,-1.3505033254623413,9.16629934310913,10.516802668571472,0.04103796797330439,7.0,-0.1986289062188007,0.0,0.3307419901492902,0.13211308393048948,0.0
gm0,82,309.05,57.35000000000002,-1.3445736670494082,3.536168396472931,4.880742063522339,0.036048788868310505,5.0,-0.0008349916470251628,0.0,0.20941581873027182,0.20858082708324666,0.0
gm0,83,344.05,58.05000000000001,-1.3435680770873972,9.352176427841187,10.695744504928584,0.04950503558521641,8.0,-0.15200948273559334,0.0,0.29694008168340447,0.14493059894781113,0.0
gm0,84,316.75000000000006,55.95000000000002,-1.3423146665096253,4.780177474021912,6.122492140531537,0.016086876500093463,6.0,-0.004802295495665021,0.0011494456202854053,0.20256465122806994,0.19891180135269032,0.0
gm0,85,344.75000000000006,59.45000000000002,-1.339730238914484,8.967835664749146,10.30756590366363,0.03466915826455038,6.0,-0.2120831721185823,0.0,0.3205580820314322,0.10847490991284992,0.0
gm0,86,350.35,58.75,-1.3395160794258114,9.32885217666626,10.668368256092071,0.038995225212126824,4.0,0.0016184275295927364,0.0,0.23659520649711419,0.23821363402670692,0.0
gm0,87,329.35,59.45000000000002,-1.3388968896865876,6.8868186473846436,8.225715537071231,0.043199045485866325,13.0,0.00701162755376572,0.6023789872415364,0.1195803775719934,0.7289709923672955,0.0
gm0,88,339.85,59.45000000000002,-1.3357301330566358,8.720261096954346,10.055991230010981,0.04859186208400855,6.0,0.017061301593912503,0.0,0.32956834718354333,0.34662964877745583,0.0
gm0,89,318.15000000000003,55.25,-1.3265021026134525,5.326007008552551,6.652509111166004,0.02016337399377919,7.0,-0.009149544507636165,-0.006369322886712325,0.20022604516161302,0.18470717776726453,0.0
gm0,90,313.95000000000005,56.650000000000006,-1.3171800959110262,4.225151538848877,5.542331634759903,0.018873344948832235,5.0,-0.012300679770760325,-0.09349640140499105,0.22204413929791314,0.11624705812216177,0.0
gm0,91,307.65000000000003,55.25,-1.3168013185262843,2.7386057376861572,4.055407056212442,0.05499412070057799,5.0,0.006444619583589883,0.15708869750596932,0.16476899614887017,0.3283023132384294,0.0
gm0,92,306.25000000000006,56.650000000000006,-1.3159196436405391,2.8624114990234375,4.178331142663977,0.046458839732326056,5.0,0.012663223071740504,0.38736489113944117,0.11277237012549603,0.5128004843366777,-0.008224816445512317
gm0,93,309.75000000000006,57.35000000000002,-1.312948185205462,3.630287289619446,4.943235474824908,0.032941408438700547,5.0,-0.0011310615036563831,0.0,0.21890966509848828,0.2177786035948319,0.0
gm0,94,340.55,58.05000000000001,-1.3107228374481128,9.210771322250366,10.521494159698479,0.052949218239776275,8.0,0.019849600721499883,0.3612634383898694,0.15065011493548774,0.531763154046857,0.0
gm0,95,331.45000000000005,59.45000000000002,-1.3043909716606201,7.414767384529114,8.719158356189734,0.04557462251495392,10.0,-0.22608562921959674,0.0,0.250938550381635,0.024852921162038244,0.0
gm0,96,328.65000000000003,59.45000000000002,-1.3043150234222463,6.748576998710632,8.052892022132879,0.04249186498183082,13.0,0.014324716312330565,0.6867210660857381,0.08992376412991727,0.790969546527986,-0.003354235596475519
gm0,97,348.95000000000005,59.45000000000002,-1.3026744580268819,9.105711221694946,10.408385679721828,0.032193830815122476,6.0,-0.19993133610114455,0.0,0.3305415963701527,0.13061026026900813,0.0
gm0,98,305.55,58.05000000000001,-1.2941834735870401,3.1463043093681335,4.440487782955174,0.047559783599082854,5.0,0.022004407844633533,0.6853244085505139,0.052049465692765085,0.7593782820879125,-0.009264473524339678
gm0,99,306.95000000000005,55.95000000000002,-1.2823112297058374,2.7893787622451782,4.071689991951016,0.05118745872464073,4.0,0.00956807047032271,0.2704820197322988,0.13739363762495052,0.417443727827572,-0.007734911105217179
gm0,100,345.45000000000005,58.75,-1.2822030305862455,9.26938247680664,10.551585507392886,0.04045387556923018,7.0,-0.1728105219626741,0.0,0.3304561096180219,0.1576455876553478,0.0
gm500,1,341.95000000000005,59.45000000000002,-2.13218863725662,8.050031185150146,10.182219822406767,0.04179378281027038,6.0,-0.6793185031710891,0.0,0.5343934053387984,-0.16192915671643093,0.0
gm500,2,341.25000000000006,59.45000000000002,-2.10436252355575,8.039677858352661,10.144040381908411,0.04330149252440818,6.0,-0.6751143468136434,0.0,0.5264834152827809,-0.16746317343437278,0.0
gm500,3,342.65000000000003,59.45000000000002,-2.0513440561294534,8.16642713546753,10.217771191596983,0.04068961841907415,6.0,-0.48945703165372834,0.0,0.506477274188035,0.013921804445806485,0.0
gm500,4,341.95000000000005,58.75,-2.0154538035392786,8.370827198028564,10.386281001567843,0.04789842588956302,7.0,-0.4519419904681854,0.0,0.45583271405963965,-0.018766120566154898,0.0
gm500,5,342.65000000000003,58.75,-1.9866805315017757,8.433298826217651,10.419979357719427,0.046908032001577483,7.0,-0.43773829893325455,0.0,0.46192768645087645,0.01850088425558616,0.0
gm500,6,341.25000000000006,58.75,-1.9661560654640198,8.38396430015564,10.35012036561966,0.04896131078094443,7.0,-0.3759492301469436,0.0,0.4241936024658169,0.023888747013512124,0.0
gm500,7,340.55,59.45000000000002,-1.9475597977638177,8.154969453811646,10.102529251575463,0.04448797642763027,6.0,-1.0327231313567609,0.0,0.5040413348132357,-0.5462262463021138,0.0
gm500,8,343.35,58.75,-1.8960404157638546,8.555914640426636,10.45195505619049,0.04559569650916769,7.0,-0.3773180997086456,0.0,0.45252903564134894,0.06773483701196992,0.0
gm500,9,343.35,59.45000000000002,-1.8952932882308922,8.355179786682129,10.250473074913021,0.039253022781418664,6.0,-0.21193730735831195,0.0,0.4611232759652058,0.24421069038228788,0.0
gm500,10,312.55,55.25,-1.8546287655830413,4.02069878578186,5.875327551364902,0.03832326100376866,7.0,-0.009038539951689017,0.0,0.3061088661819538,0.11301520531322767,0.0
gm500,11,313.25000000000006,55.25,-1.8398650288581972,4.191807389259338,6.031672418117536,0.0354706419413109,7.0,-0.009623170637951262,0.0,0.30980005947433614,0.1692467965451478,0.0019306960254539263
gm500,12,340.55,58.75,-1.837040412425992,8.47333288192749,10.310373294353482,0.04950206134864224,7.0,-0.5133639024279546,0.0,0.39503036346479076,-0.1356625597926568,0.0
gm500,13,311.85,55.25,-1.832859051227576,3.846535086631775,5.679394137859351,0.04098296348042631,7.0,-0.006716518464600085,0.0,0.2999871396903921,0.1570457314508979,0.0
gm500,14,341.95000000000005,58.05000000000001,-1.823279771804808,8.773987293243408,10.597267065048216,0.054518968329995296,8.0,-0.23643755794182653,0.0,0.354762807279856,0.08264600394946486,0.0
gm500,15,313.95000000000005,55.25,-1.8106669664383013,4.358587622642517,6.169254589080818,0.03273478845577277,7.0,-0.01012535918789581,-0.22012893477949547,0.2990252199223168,0.09780144684133385,0.000977810613278507
gm500,16,350.35,59.45000000000002,-1.8011844038963254,8.610116720199585,10.41130112409591,0.029232179118877107,4.0,-0.47675922432972584,0.0,0.4114320337546808,-0.09089786565000463,0.0
gm500,17,342.65000000000003,58.05000000000001,-1.8009891700744625,8.829596757888794,10.630585927963256,0.053657057319212664,8.0,-0.2952713330159895,0.0,0.3781757286491488,0.0723376983943585,0.0
gm500,18,311.15000000000003,55.25,-1.7924365639686695,3.673084855079651,5.46552141904832,0.04353991747290418,7.0,-0.006329183679554262,0.0,0.29136939284626273,0.15874886427127344,0.0006073790142835378
gm500,19,341.25000000000006,58.05000000000001,-1.7919550418853731,8.769418001174927,10.5613730430603,0.05520600093043524,8.0,-0.14942542957214755,0.0,0.31410614609669374,0.11984271185540074,0.0
gm500,20,344.05,58.75,-1.7729052066802957,8.710967063903809,10.483872270584104,0.04461453559866872,7.0,-0.3254659866797738,0.0,0.44235975070735756,0.10736153923888403,0.0
gm500,21,314.65000000000003,55.25,-1.7659309327602433,4.523347020149231,6.289277952909474,0.029986943892533546,7.0,-0.010437148489472747,-0.18595871006255038,0.2889331125458149,0.17981967664003162,0.002125401115904424
gm500,22,343.35,58.05000000000001,-1.7361501026153547,8.926429748535156,10.662579851150511,0.05256922447850858,8.0,-0.31140656374191167,0.0,0.3903164937886994,0.06730942552820479,0.0
gm500,23,310.45000000000005,55.25,-1.7340986490249808,3.500195622444153,5.234294271469134,0.045815944365805626,7.0,-0.00461810409433383,0.0,0.26903224727080594,0.14311788051687396,0.0016349988499086976
gm500,24,344.05,59.45000000000002,-1.7129643535613948,8.56645917892456,10.279423532485955,0.038430557902073136,6.0,-0.24103700288833352,0.0,0.4229524906909688,0.17515665827458232,0.0
gm500,25,339.85,59.45000000000002,-1.7119885063171338,8.344002723693848,10.055991230010981,0.051363090284117216,6.0,0.020872977074759547,0.0,0.45668589329902126,0.4530102167550863,0.0
gm500,26,330.75000000000006,59.45000000000002,-1.7102202057838536,6.849246144294739,8.559466350078592,0.046324176845849094,11.0,-0.08103465434032842,0.0,0.32670688141196413,0.09510119679079188,0.0
gm500,27,340.55,58.05000000000001,-1.708168039321892,8.813326120376587,10.521494159698479,0.05514006641855197,8.0,-0.14839919240330346,0.0,0.28492555534565256,0.11478922234285094,0.0
gm500,28,311.85,55.95000000000002,-1.7011884701251994,3.810487747192383,5.511676217317582,0.03485081636605837,6.0,-0.005341120288449019,0.0,0.27640834328717817,0.16501972867995635,0.001272875731217482
gm500,29,312.55,55.95000000000002,-1.6977680981159171,3.9495617151260376,5.647329813241955,0.03166983873783284,6.0,-0.006697826779600291,0.0,0.2830296837322575,0.12373442627393244,0.00026049267383143615
gm500,30,315.35,55.25,-1.6955164253711734,4.687622904777527,6.3831393301487,0.027465688137957592,7.0,-0.010216514533567533,-0.13249099993117852,0.27205760990034406,0.18918154372420332,-0.0003007919097797185
gm500,31,311.15000000000003,55.95000000000002,-1.688752337694173,3.673753559589386,5.362505897283559,0.03781663285423779,6.0,-0.0037728171946582734,0.0,0.267169879692448,0.16509430428264893,0.001267966339923987
gm500,32,349.65000000000003,59.45000000000002,-1.6817195534706038,8.732157230377197,10.413876783847801,0.03441473735221712,5.0,0.003240648095470533,0.0,0.4134732802278849,0.3971140169462559,0.0
gm500,33,330.05,59.45000000000002,-1.678001344203949,6.716574192047119,8.394575536251068,0.04846887403340108,12.0,0.0018338404970563715,0.30522491833835375,0.2562386281241523,0.6501331920916308,0.0
gm500,34,339.85,58.75,-1.6669474124908454,8.595776319503784,10.26272373199463,0.0530823360928752,7.0,0.011717949439571385,0.0,0.3546929026874948,0.3475245168665622,0.0
gm500,35,331.45000000000005,59.45000000000002,-1.6662927317619385,7.052865624427795,8.719158356189734,0.04818204022914568,10.0,-0.4524440697423415,0.0,0.37320576607254424,-0.24135324542857034,0.0
gm500,36,313.25000000000006,55.95000000000002,-1.6652643382549304,4.087972521781921,5.753236860036852,0.028562818760736703,6.0,-0.007494515114103706,0.0,0.2866957279101563,0.16618159166539148,0.0
gm500,37,310.45000000000005,55.95000000000002,-1.661576942205441,3.5387909412384033,5.200367883443844,0.04038454248559573,7.0,-0.0019471189716568915,0.0,0.24637307737613887,0.1561885599094429,0.0010477247485596308
gm500,38,344.75000000000006,58.75,-1.6560031175613403,8.860799551010132,10.516802668571472,0.04331852020808155,7.0,-0.31223553723975783,0.0,0.4339540026126697,0.12339404356430761,0.0
gm500,39,344.05,58.05000000000001,-1.6481254005432078,9.047619104385376,10.695744504928584,0.0515126464768592,8.0,-0.30274751588876825,0.0,0.3998336844854262,0.08415691515278612,0.0
gm500,40,309.75000000000006,55.25,-1.6398996710777496,3.331182301044464,4.971081972122214,0.047713611285259784,7.0,-0.001489398914600315,0.0,0.2453856389424329,0.15764401917426604,0.0018482090354154934
gm500,41,350.35,58.75,-1.627258455753326,9.041109800338745,10.668368256092071,0.04021351738961871,4.0,0.001958062819085171,0.0,0.3338079395327357,0.32484342379820264,0.0
gm500,42,313.95000000000005,55.95000000000002,-1.618647243976591,4.225087404251099,5.84373464822769,0.02535532862808178,6.0,-0.0075324365752749145,-0.134431460446649,0.27617461794546655,0.16659181060516387,0.0
gm500,43,301.35,58.75,-1.6106591403484463,1.4516605138778687,3.062319654226315,0.06824397499952696,4.0,0.1665827007855114,0.7888218111474998,-0.547217559716021,1.0247563018029062,-0.0011227031120775166
gm500,44,329.35,59.45000000000002,-1.6098033380508454,6.615912199020386,8.225715537071231,0.04583475558227269,13.0,0.009195736242872954,0.3697421394463163,0.211105152541139,0.7905812010243686,0.0
gm500,45,309.75000000000006,55.95000000000002,-1.608415430784241,3.407205283641815,5.015620714426056,0.042702968065569905,7.0,3.675810376080335e-05,0.0,0.22443538094307094,0.16721655069317656,0.0005909407875037687
gm500,46,348.95000000000005,59.45000000000002,-1.6062528347969014,8.802132844924927,10.408385679721828,0.033846829654818285,6.0,-0.3281335830251919,0.0,0.43310446553454846,0.09417231632091522,0.0
gm500,47,316.05,55.25,-1.60331884622574,4.853723645210266,6.457042491436006,0.025174870903311494,7.0,-0.009541133374568744,-0.033556366747689026,0.24761883787984168,0.30213944264029685,0.00016850278612423608
gm500,48,339.85,58.05000000000001,-1.5945039939880346,8.877116203308105,10.47162019729614,0.05466132465341504,8.0,-0.027612187147951772,0.0,0.24902791423535656,0.214299438191646,0.0
gm500,49,341.95000000000005,57.35000000000002,-1.5823150801658574,9.233412504196167,10.815727584362024,0.06327390740651934,9.0,-0.08789580115262652,0.0,0.31415354066951623,0.16800234031791988,0.0
gm500,50,345.45000000000005,58.75,-1.5736885786056547,8.977896928787231,10.551585507392886,0.04260028729835178,7.0,-0.253717777923157,0.0,0.42893345982625086,0.17311865916843439,0.0
gm500,51,300.65000000000003,59.45000000000002,-1.5672601521015368,1.1915038228034973,2.758763974905034,0.07113161092636046,4.0,0.10287478598911548,1.9540228342521004,-0.7701000260898502,1.788560631542722,-0.020511580517279526
gm500,52,341.25000000000006,57.35000000000002,-1.5640571475028917,9.214412212371826,10.778469359874718,0.06348345157684836,9.0,-0.04327877668401925,0.0,0.27523031800401904,0.16505698614483216,0.0
gm500,53,344.75000000000006,59.45000000000002,-1.561478114128107,8.746087789535522,10.30756590366363,0.03707711518376335,6.0,-0.21387560937000671,0.0,0.3954748088253401,0.1842366370260739,0.0
gm500,54,344.75000000000006,58.05000000000001,-1.5609298706054648,9.169447660446167,10.730377531051632,0.050340423251342165,8.0,-0.26976534245477524,0.0,0.40913492367645493,0.1377646960241427,0.0
gm500,55,314.65000000000003,55.95000000000002,-1.559171781539912,4.3635828495025635,5.9227546310424755,0.022474524643706296,6.0,-0.007432498341586324,-0.11020660695066908,0.2651870897809436,0.23632669472156115,0.0008668623978635992
gm500,56,311.15000000000003,56.650000000000006,-1.5587560951709793,3.6741525530815125,5.232908648252492,0.03048781627907121,6.0,-0.0021659738195012324,0.0,0.26284384237229563,0.16131764239404323,-9.144057111498682e-05
gm500,57,311.85,56.650000000000006,-1.5575476229190839,3.7710702419281006,5.3286178648471845,0.02718394786413462,5.0,-0.0034871365187427728,0.0,0.27073631986855756,0.16055415754341223,0.0002157920658163448
gm500,58,342.65000000000003,57.35000000000002,-1.555662579536433,9.294302225112915,10.849964804649348,0.06254510098139067,9.0,-0.16213167200476164,0.0,0.33892456948941435,0.16758553687630956,0.0
gm500,59,349.65000000000003,58.75,-1.5550797820091251,9.110763549804688,10.665843331813813,0.040161507347402946,5.0,-0.226505778664432,0.0,0.3590833604389775,0.12914524790781912,0.0
gm500,60,348.25000000000006,59.45000000000002,-1.5526720046997013,8.844931364059448,10.39760336875915,0.03427639341311648,6.0,-0.8630900178104639,0.0,0.4357365169059388,-0.4400075392848582,0.0
gm500,61,310.45000000000005,56.650000000000006,-1.5490578901767798,3.5812184810638428,5.1302763712406225,0.03338869333894012,6.0,0.0001984018581424607,0.0,0.24429208160420857,0.16089509221949883,-1.4800648706625452e-05
gm500,62,332.15000000000003,59.45000000000002,-1.5489338040352045,7.3248902559280396,8.873824059963244,0.04773011132341214,9.0,-0.024724451964175387,0.0,0.39607118388511303,0.3401999294589478,0.0
gm500,63,312.55,56.650000000000006,-1.5428792154788953,3.873805284500122,5.416684499979017,0.023675882027227313,5.0,-0.005001403349069733,0.0,0.2751111864466918,0.12170949302516304,0.000587631146942158
gm500,64,328.65000000000003,59.45000000000002,-1.539451174736028,6.513440847396851,8.052892022132879,0.04535843566246315,13.0,0.010898245045609656,0.29159225541661726,0.16936367213523812,0.628517998471158,0.0
gm500,65,346.15000000000003,58.75,-1.5348710060119686,9.049657821655273,10.584528827667242,0.04160802471881816,7.0,-0.6167745523271151,0.0,0.43496622284828584,-0.1879766508333231,0.0
gm500,66,348.25000000000006,58.75,-1.534818410873413,9.11388349533081,10.648701906204224,0.040289411657537945,6.0,-0.6174243135319557,0.0,0.4271404457845905,-0.1993491070585775,0.0
gm500,67,347.55,58.75,-1.534215593338013,9.097537994384766,10.631753587722779,0.04042357524812176,6.0,-0.66739784560923,0.0,0.44156447772131063,-0.2299768414202003,0.0
gm500,68,348.95000000000005,58.75,-1.5331727385520928,9.126328468322754,10.659501206874847,0.040210926831621134,5.0,-0.5132814814714948,0.0,0.40263249948939633,-0.11138651455151544,0.0
gm500,69,309.05,55.95000000000002,-1.5304373657703456,3.2829757928848267,4.813413158655172,0.044469139069005695,7.0,0.002689717632620159,0.0,0.19685301542774175,0.14994846900487607,0.0004282506061770164
gm500,70,346.85,58.75,-1.5290368676185597,9.082257509231567,10.611294376850127,0.040988522622094264,7.0,-0.5815963922941592,0.0,0.45422945905945833,-0.12595466549195,0.0
gm500,71,339.15000000000003,58.75,-1.5281423807144243,8.679727792739868,10.207870173454292,0.05308553858572595,7.0,-0.10781316514112405,0.0,0.3328746198057179,0.22286092391177775,0.0
gm500,72,309.75000000000006,56.650000000000006,-1.527778846025476,3.490768015384674,5.01854686141015,0.036159547890611654,6.0,0.0023827333961889963,0.0,0.22490124331461486,0.18082894084791262,0.00020950245378514865
gm500,73,339.15000000000003,59.45000000000002,-1.5203047895431556,8.480906248092651,10.001211037635807,0.05222932262704198,6.0,-0.1583685060722928,0.0,0.42878016241216527,0.25957760207175623,0.0
gm500,74,309.05,55.25,-1.5164309024810843,3.1720134615898132,4.6884443640708975,0.04922638643646088,7.0,0.0006976751080856047,0.0,0.21114534416643777,0.1440009128650797,0.0010602560877259748
gm500,75,350.35,58.05000000000001,-1.5127193784713704,9.383869409561157,10.896588788032528,0.045297070148133424,4.0,-0.0014702824046253227,0.0,0.2865802971666198,0.27468270692561414,0.0
gm500,76,313.25000000000006,56.650000000000006,-1.505879241228107,3.9804208874702454,5.486300128698352,0.020188603149237434,5.0,-0.004739804478504084,0.0,0.2762760744007006,0.15592392477845135,0.0006884375821414324
gm500,77,302.05,58.05000000000001,-1.5028614592552265,1.7533535957336426,3.256215054988869,0.05911493444364733,4.0,0.0812868370758224,0.20236610380379716,-0.35780642150296116,0.49306445745476013,0.0023827101491846747
gm500,78,340.55,57.35000000000002,-1.5027442765235808,9.233854532241821,10.736598808765402,0.06317292429126727,9.0,-0.02431957964290632,0.0064434818568770424,0.240481053374727,0.2344375904286455,0.0
gm500,79,343.35,57.35000000000002,-1.4999754953384326,9.382544994354248,10.88252048969268,0.0615924414640123,9.0,-0.2156648567506636,0.0,0.35510163567040587,0.12712450471157177,0.0
gm500,80,347.55,59.45000000000002,-1.4996849250793396,8.881572008132935,10.381256933212274,0.03459594110389652,7.0,-0.4991386995243374,0.0,0.4299766569693448,-0.0753367905383156,0.0
gm500,81,316.75000000000006,55.25,-1.4986163973808333,5.024999260902405,6.523615658283238,0.023120797298187543,7.0,-0.009303986803388398,0.015919189269197886,0.22143175275546406,0.3679000614690295,0.0
gm500,82,345.45000000000005,58.05000000000001,-1.4961567211151117,9.270922183990479,10.76707890510559,0.04939247960693821,7.0,-0.3042306363568059,0.0,0.4135697739338082,0.10464618317431706,-0.001490652209668042
gm500,83,309.05,56.650000000000006,-1.4895114636421214,3.4029518961906433,4.892463359832765,0.03820979470211964,6.0,0.004394589063849708,0.0,0.20004039546643698,0.1674253911371642,0.0003893091545137395
gm500,84,339.15000000000003,58.05000000000001,-1.4870668649673515,8.927515745162964,10.414582610130315,0.05394982444492396,8.0,-0.055209820357049466,0.0,0.226481762270708,0.1745406029802718,0.0
gm500,85,315.35,55.95000000000002,-1.4864458465576114,4.5046327114105225,5.991078557968134,0.01968938941627768,6.0,-0.006852131252799154,-0.06399810708899167,0.2474794765496435,0.24173274724921698,-0.0006202880174499548
gm500,86,327.95000000000005,59.45000000000002,-1.4734518659114926,6.4041428565979,7.877594722509393,0.042560683644434084,12.0,0.007626670367244515,0.2442095933474775,0.14283681009404914,0.5693532406647495,0.0
gm500,87,345.45000000000005,59.45000000000002,-1.473447794914243,8.862647533416748,10.336095328330991,0.03627993921763943,6.0,-0.1861027036284213,0.0,0.38590720947206525,0.19868082945330845,0.0
gm500,88,349.65000000000003,58.05000000000001,-1.4630165719985921,9.433329820632935,10.896346392631527,0.046172407682261926,4.0,-0.20810802834603237,0.0,0.32408425247588324,0.11601215458845926,0.0
gm500,89,346.15000000000003,58.05000000000001,-1.4624153375625628,9.34302568435669,10.805441021919252,0.04830340460210273,6.0,-0.40811344115354586,0.0,0.42140367155486547,0.005002708718005122,-0.006790538998302509
gm500,90,346.85,59.45000000000002,-1.4566941046714739,8.914644479751587,10.37133858442306,0.034999355802671495,7.0,-0.4326152044086484,0.0,0.42418860422326476,-0.00781319762144106,0.0
gm500,91,313.95000000000005,56.650000000000006,-1.4515299189090731,4.09080171585083,5.542331634759903,0.016838355297793213,5.0,-0.00455238422318871,-0.015750275758819043,0.2674337466375925,0.2598037519535262,0.00031869959471464426
gm500,92,347.55,58.05000000000001,-1.4513676738738965,9.411723613739014,10.86309128761291,0.04656248685540403,6.0,-0.4799091173481429,0.0,0.4205757678362556,-0.063588507580987,0.0
gm500,93,348.25000000000006,58.05000000000001,-1.4506898880004844,9.430560827255249,10.881250715255733,0.046542954057885104,5.0,-0.44984017258684617,0.0,0.4028435372538147,-0.05617473028907305,0.0
gm500,94,346.85,58.05000000000001,-1.45042984962463,9.38724398612976,10.83767383575439,0.04755154103779714,6.0,-0.5335374211426824,0.0,0.43865848381864175,-0.09550726138562077,0.0
gm500,95,348.95000000000005,58.05000000000001,-1.4478773379325833,9.443710088729858,10.891587426662442,0.046090875264044893,5.0,-0.408940548368264,0.0,0.37479129436033576,-0.03461127714447754,0.0
gm500,96,346.15000000000003,59.45000000000002,-1.4426884555816635,8.913965463638306,10.35665391921997,0.03530115740482366,6.0,-0.33588217447686475,0.0,0.3964938188101951,0.0558055927893929,0.0
gm500,97,308.35,56.650000000000006,-1.4333690428733883,3.3181607723236084,4.751529815196997,0.03990157220434522,6.0,0.006305643955784035,0.0,0.16887294258855737,0.1486019286907028,-0.00035449096458251006
gm500,98,344.05,57.35000000000002,-1.4312300825118918,9.484565734863281,10.915795817375173,0.06024847291295768,9.0,-0.23557895965495845,0.0,0.36799010483496913,0.11486012782375637,0.0
gm500,99,308.35,55.95000000000002,-1.4257198703289156,3.1682077050209045,4.59392757534982,0.04568445500705452,6.0,0.00504168436918917,0.0,0.16242867060012775,0.1276681076856568,-0.0008981733884638743
gm500,100,339.85,57.35000000000002,-1.4182994437217662,9.264942407608032,10.683241851329798,0.0593055915781663,9.0,-0.010311674714102992,0.03346160867749859,0.20179737945906495,0.27728581881771575,0.0
