family,group,count,mean_error,rmse,max_abs,sse_share,zeroed_rmse
REGION,near_wall,1416,0.150,2.330,10.581,5.56,2.055
REGION,coast,3508,-2.234,3.532,9.828,31.63,1.749
REGION,shallow_interior,97,-0.570,1.835,4.297,0.24,2.113
REGION,deep_interior,25896,-0.614,1.828,5.930,62.57,1.294
LAT,-60..-40N,7026,-0.438,1.911,3.979,18.56,1.909
LAT,-40..-20N,5962,-0.208,1.584,6.730,10.82,1.997
LAT,-20..0N,5494,-0.620,2.070,8.945,17.02,1.927
LAT,0..20N,5366,-1.003,1.954,9.828,14.81,1.952
LAT,20..40N,4173,-1.611,2.557,9.332,19.73,1.895
LAT,40..60N,2896,-1.299,3.017,10.581,19.06,1.903
COAST,1..3,3600,-2.112,3.562,10.581,33.02,1.731
COAST,3..6,3901,-0.943,2.046,5.838,11.81,1.986
COAST,6..11,5674,-0.801,1.962,5.791,15.79,1.941
COAST,11..1000,17742,-0.437,1.752,5.930,39.38,1.647
WALL,0..1,463,0.258,2.294,10.581,1.76,2.096
WALL,1..3,953,0.097,2.347,9.336,3.80,2.075
WALL,3..6,1453,-0.278,2.413,7.918,6.12,2.049
WALL,6..11,2433,-0.673,2.366,7.426,9.85,2.008
WALL,11..1000,25615,-0.849,2.059,9.828,78.48,0.981
DEPTH,0..200,198,-1.969,5.348,10.581,4.09,2.071
DEPTH,200..1000,1592,-2.588,4.039,8.922,18.78,1.906
DEPTH,1000..3000,4585,-1.423,2.471,7.024,20.24,1.889
DEPTH,3000..10000,24542,-0.511,1.791,5.930,56.89,1.389
LON,0..60E,3312,-0.239,2.411,9.828,13.91,1.962
LON,60..120E,4371,-0.673,1.956,9.368,12.09,1.983
LON,120..180E,5814,-1.449,2.112,8.205,18.75,1.906
LON,180..240E,6967,-0.795,1.631,6.463,13.39,1.968
LON,240..300E,4522,-0.482,2.439,10.581,19.45,1.898
LON,300..360E,5931,-0.626,2.285,7.918,22.39,1.863
