lon,lat,depth,dist_land,dist_wall,error,model_sst,woa_sst
274.5,59.5,101.68936405537269,1.0,0.0,10.580719326734544,11.643587322235108,1.0628679955005647
277.5,59.5,101.06902539538737,1.0,0.0,10.151964120864868,11.643587322235108,1.4916232013702393
46.5,12.5,102.79330196924309,1.0,47.0,-9.828494435522586,18.327461715698302,28.155956151220888
98.5,5.5,156.17074026491503,1.0,54.0,-9.367762129466282,19.931162284850725,29.298924414317007
297.5,58.5,149.19644344531957,1.0,1.0,9.336409564521164,10.508649637224153,1.172240072702989
59.5,25.5,124.82865656073753,1.0,34.0,-9.331832046314378,18.283015083312637,27.614847129627016
275.5,59.5,105.43537273061965,1.0,0.0,9.331011095046998,10.524783096313477,1.1937720012664794
58.5,24.5,197.1232870935708,1.0,35.0,-9.296072935527771,18.31160440826381,27.607677343791583
276.5,59.5,105.46997386808093,1.0,0.0,9.194298295974733,10.524783096313477,1.330484800338745
97.5,15.5,119.48012289405857,1.0,44.0,-9.112118269603815,19.170708015440614,28.28282628504443
113.5,-5.5,122.67837388679094,1.0,54.0,-8.945108653705685,19.713424873351467,28.658533527057152
272.5,16.5,235.32454849420088,1.0,43.0,-8.921547178693583,19.007769226073286,27.92931640476687
72.5,20.5,172.38253585847602,1.0,39.0,-8.782592886182247,18.785831451416016,27.568424337598262
100.5,-1.5,658.4679369563546,1.0,58.0,-8.756027252196798,20.526562789917225,29.282590042114023
98.5,6.5,214.91951143412228,1.0,53.0,-8.728337454478023,20.444295303344845,29.172632757822868
297.5,59.5,205.92740771219505,1.0,0.0,8.688863993152044,9.768540313723497,1.0796763205714524
98.5,1.5,579.4164653604062,1.0,58.0,-8.448656489690766,20.916011009215726,29.364667498906492
87.5,21.5,171.8378241525839,1.0,38.0,-8.372765086261204,19.5643387527467,27.937103839007904
47.5,11.5,101.60716147954267,1.0,48.0,-8.323671129226568,19.7342394180299,28.05791054725647
80.5,15.5,353.02133063062365,1.0,44.0,-8.280973609288338,20.102850296021206,28.383823905309544
135.5,-2.5,228.62480109243518,1.0,57.0,-8.205358577728038,20.709602195740445,28.914960773468483
91.5,21.5,158.78210902522372,1.0,38.0,-8.145489912032499,19.555747718811617,27.701237630844116
107.5,3.5,107.81002388324855,1.0,56.0,-8.14532318878162,20.41413138580334,28.55945457458496
58.5,23.5,204.84929044237407,1.0,36.0,-8.12268152109813,19.102642356872092,27.225323877970222
112.5,3.5,130.3326039029879,1.0,56.0,-8.061919672436197,20.70511943054211,28.767039102978305
298.5,57.5,229.235200808046,1.0,2.0,8.037747125173919,9.745553689957596,1.7078065647836775
114.5,-4.5,119.22205630137682,1.0,55.0,-8.030672474799214,20.706762657164944,28.73743513196416
106.5,4.5,104.56173485278417,1.0,55.0,-8.01421329498233,20.445306549072846,28.459519844055176
142.5,-10.5,113.02819453036638,1.0,49.0,-7.992012472787753,19.67269071197545,27.6647031847632
59.5,24.5,367.95215965736304,1.4142135623730951,35.0,-7.951347216923605,19.437405326843145,27.38875254376675
136.5,-9.5,109.76115475621198,1.0,50.0,-7.935998724619857,20.10696927642799,28.042968001047846
140.5,-2.5,561.435890509412,1.0,57.0,-7.934527841038072,21.20590124511742,29.140429086155493
300.5,55.5,274.6995441462449,1.0,4.0,7.917840002398006,10.085645998003892,2.167805995605886
93.5,19.5,227.9170309875192,1.0,40.0,-7.8981793081498495,20.146168838501325,28.044348146651174
47.5,12.5,151.49687986976318,1.4142135623730951,47.0,-7.861265673001764,20.200988754272693,28.062254427274457
117.5,-0.5,191.48995015750478,1.0,59.0,-7.855616722967245,21.208591567992116,29.06420829095936
81.5,16.5,392.50324606452693,1.0,43.0,-7.832842342059013,20.506126594543456,28.33896893660247
97.5,14.5,210.755034459096,1.0,45.0,-7.831891141257362,20.5960363922111,28.427927533468463
97.5,2.5,670.4617736447647,1.0,57.0,-7.829615342458126,21.54736057281494,29.376975915273068
47.5,13.5,111.81980499864817,1.0,46.0,-7.826018754270045,20.200988754272693,28.027007508542738
128.5,-13.5,146.76681714847143,1.0,46.0,-7.820572542825829,20.9113197326666,28.731892275492427
117.5,0.5,190.85615664611996,1.0,59.0,-7.813576894730211,21.23027788543608,29.043854780166292
120.5,-19.5,242.88843161880433,1.0,40.0,-7.796268470764915,19.4083330459593,27.204601516724214
46.5,-15.5,403.008380145768,1.0,44.0,-7.7813757427851655,19.891434020996094,27.67280976378126
99.5,-0.5,773.739535814743,1.0,59.0,-7.752285482406151,21.54606643676758,29.29835191917373
299.5,56.5,279.26164735168055,1.0,3.0,7.6877766589447845,9.728373758317902,2.0405970993731173
9.5,3.5,247.2481932396537,1.0,56.0,-7.6843940388361105,20.288511665344267,27.972905704180377
72.5,19.5,327.4395686790335,1.0,40.0,-7.651866676223001,20.09411568450974,27.745982360732743
144.5,-8.5,112.16045412465844,1.0,51.0,-7.630066488900919,20.114322250366676,27.744388739267595
260.5,16.5,636.9544130530954,1.0,43.0,-7.629258714674506,21.211731742857957,28.840990457532463
