group,count,warm_share,mean_bias,rmse,region_sse_share,mean_tatm_minus_woa,pearson_r,spearman_rho
north_atlantic_all,1052,8.2,-2.255,2.872,100.00,-0.372,0.125,0.358
coast,150,26.0,-1.368,2.801,13.56,-0.218,0.110,0.352
interior,902,5.2,-2.402,2.884,86.44,-0.398,0.109,0.307
near_wall,164,15.2,-3.064,4.064,31.21,-0.787,-0.550,-0.427
shallow_lt1000,104,28.8,-1.717,3.285,12.94,-0.286,0.254,0.462
depth_1000_3000,414,12.1,-2.461,3.323,52.67,-0.274,-0.097,0.104
deep_ge3000,534,1.1,-2.200,2.364,34.39,-0.464,0.568,0.597
lon_300_320,368,23.4,-1.248,2.135,19.33,-0.608,0.181,0.294
lon_320_340,400,0.0,-2.660,2.881,38.27,-0.315,0.277,0.380
lon_340_360,284,0.0,-2.989,3.599,42.40,-0.146,0.524,0.746
lat_40_50,539,3.3,-1.986,2.211,30.37,-0.236,0.920,0.917
lat_50_60,513,13.3,-2.537,3.432,69.63,-0.514,-0.297,-0.154
