lon,lat,depth,dist_land,dist_wall,error,model_sst,woa_sst,ncep_tatm,woa_strat50
349.5,56.5,1003.5136169135505,2.8284271247461903,3.0,-6.551258611679077,4.810051393508911,11.361310005187988,10.961579849341092,0.7112007141113281
348.5,56.5,1205.851018959984,3.605551275463989,3.0,-6.551094484329224,4.809814977645874,11.360909461975098,11.182131157174524,0.6805191040039062
351.5,55.5,334.56007729573446,1.0,4.0,-6.549517726898193,5.024473094940186,11.573990821838379,10.62215041228393,0.8591814041137695
347.5,56.5,1355.4730618177828,4.242640687119285,3.0,-6.536086559295654,4.809413433074951,11.345499992370605,11.278996148242925,0.6599903106689453
350.5,56.5,765.7740127266729,2.23606797749979,3.0,-6.528174018859863,4.812735939025879,11.340909957885742,10.699799769252706,0.7241001129150391
346.5,56.5,1458.0059777045142,5.0,3.0,-6.5155494689941404,4.808640670776367,11.324190139770508,11.304629507707148,0.6513805389404297
350.5,55.5,591.1282694338229,1.4142135623730951,4.0,-6.514130735397339,5.148478364944458,11.662609100341797,11.004879110066952,0.8198995590209961
352.5,58.5,507.77524501299644,2.23606797749979,1.0,-6.478101921081543,4.500207710266113,10.978309631347656,9.559943581266452,0.5122194290161133
345.5,56.5,1533.7825349280406,5.830951894845301,3.0,-6.470198297500611,4.807511663436889,11.2777099609375,11.211543481164313,0.6246194839477539
351.5,56.5,531.0311585553388,2.0,3.0,-6.444336938858032,4.811253499984741,11.255590438842773,10.357361012053218,0.7208003997802734
349.5,55.5,883.1378633575372,2.23606797749979,4.0,-6.434239721298217,5.212360048294068,11.646599769592285,11.252321842187143,0.796290397644043
344.5,56.5,1606.7954646376832,6.708203932499369,3.0,-6.41560206413269,4.806197786331177,11.221799850463867,11.072850115102028,0.5936098098754883
349.5,57.5,1082.3117577270314,3.605551275463989,2.0,-6.399746942520141,4.66936297416687,11.069109916687012,10.616677433390691,0.6453094482421875
348.5,57.5,1242.5846739619897,4.242640687119285,2.0,-6.393201160430908,4.669589710235596,11.062790870666504,10.813614244675591,0.6313905715942383
350.5,57.5,876.843334079353,3.1622776601683795,2.0,-6.393138027191162,4.669152164459229,11.06229019165039,10.375889757682728,0.6445999145507812
352.5,57.5,435.4676583470251,2.0,2.0,-6.391073417663574,4.668636131286621,11.059709548950195,9.775468243030787,0.6821193695068359
348.5,55.5,1146.719290646108,2.8284271247461903,4.0,-6.390110158920288,5.253990030288696,11.644100189208984,11.463049534587014,0.7596902847290039
347.5,55.5,1358.5935956614362,3.605551275463989,4.0,-6.385485076904297,5.26070556640625,11.646190643310547,11.563632107825413,0.7228813171386719
346.5,55.5,1521.9852275674527,4.47213595499958,4.0,-6.380272102355957,5.2483375549316404,11.628609657287598,11.610673454926768,0.6749191284179688
351.5,57.5,652.7491966294689,2.8284271247461903,2.0,-6.379125022888184,4.6688848495483395,11.048009872436523,10.079640539131333,0.656219482421875
345.5,55.5,1652.9301730317725,5.385164807134504,4.0,-6.373479700088501,5.230020666122437,11.603500366210938,11.568479425133148,0.6372909545898438
343.5,56.5,1696.2879949789308,7.615773105863909,3.0,-6.370763349533081,4.804936838150025,11.175700187683105,10.888549409520351,0.5776910781860352
347.5,57.5,1347.3602988794848,5.0,2.0,-6.365440368652344,4.669669151306152,11.035109519958496,10.87899846269147,0.6207094192504883
344.5,55.5,1769.7319319527464,6.324555320336759,4.0,-6.357277727127075,5.21403136253357,11.571309089660645,11.490176565845843,0.6117992401123047
346.5,57.5,1407.100210301248,5.656854249492381,2.0,-6.326231670379639,4.669658946990967,10.995890617370605,10.874542388748296,0.6165809631347656
342.5,56.5,1813.1406955374748,8.54400374531753,3.0,-6.3229766368865965,4.804414224624634,11.12739086151123,10.689523122996604,0.5573816299438477
343.5,55.5,1886.9704045240405,7.280109889280518,4.0,-6.31818413734436,5.213115453720093,11.531299591064453,11.375764877064853,0.591090202331543
351.5,58.5,726.352760208998,3.1622776601683795,1.0,-6.289692115783692,4.500207710266113,10.789899826049805,9.817024775961329,0.5602998733520508
345.5,57.5,1446.6116730858123,6.4031242374328485,2.0,-6.269466257095337,4.669524335861206,10.938990592956543,10.753685828206585,0.5973901748657227
341.5,56.5,1959.520809485196,9.486832980505138,3.0,-6.269289970397949,4.803119659423828,11.072409629821777,10.481661487907672,0.5416097640991211
350.5,58.5,940.8485609104675,4.123105625617661,1.0,-6.260901641845703,4.500207710266113,10.761109352111816,10.068813455912732,0.5771999359130859
342.5,55.5,2014.0309871098013,8.246211251235321,4.0,-6.2581549167633055,5.223035764694214,11.48119068145752,11.240905387686212,0.572880744934082
349.5,58.5,1125.6256265073305,4.47213595499958,1.0,-6.254692268371582,4.500207710266113,10.754899978637695,10.28355453265948,0.5939092636108398
348.5,58.5,1258.9630117133215,5.0,1.0,-6.244301986694336,4.500207710266113,10.74450969696045,10.454882354519157,0.5931100845336914
352.5,56.5,334.8080224973919,1.4142135623730951,3.0,-6.229929685592651,4.814970254898071,11.044899940490723,10.003399586694968,0.6592903137207031
341.5,55.5,2155.510616224637,9.219544457292887,4.0,-6.220613288879394,5.196586799621582,11.417200088500977,11.093777217948912,0.5525093078613281
347.5,58.5,1335.5062617330639,5.656854249492381,1.0,-6.219783020019531,4.500207710266113,10.719990730285645,10.495970411717394,0.5949811935424805
344.5,57.5,1493.7861653705847,7.211102550927978,2.0,-6.21780743598938,4.669302320480346,10.887109756469727,10.591729761774786,0.5847196578979492
353.5,57.5,227.06931065197628,1.0,2.0,-6.2042358875274655,4.668287992477417,10.872523880004882,9.482453451840115,0.5497537612915036
340.5,56.5,2129.407331635106,10.44030650891055,3.0,-6.199329137802124,4.804680109024048,11.004009246826172,10.287050090492357,0.5250091552734375
340.5,55.5,2310.83511922667,10.198039027185569,4.0,-6.186269044876099,5.148821592330933,11.335090637207031,10.920806895539044,0.544281005859375
346.5,58.5,1369.8332724626985,6.4031242374328485,1.0,-6.1844017028808596,4.500207710266113,10.684609413146973,10.472308733950285,0.5828189849853516
343.5,57.5,1570.0520915175534,8.06225774829855,2.0,-6.169954442977906,4.669035768508911,10.838990211486816,10.388674189453013,0.5730810165405273
352.5,55.5,192.31485122292966,1.0,4.0,-6.143565034866333,5.013430261611939,11.156995296478271,10.220095147977702,0.6119256019592285
345.5,58.5,1389.9677632509697,7.0710678118654755,1.0,-6.13098258972168,4.500207710266113,10.631190299987793,10.34073083124099,0.5818805694580078
342.5,57.5,1685.8058671469062,8.94427190999916,2.0,-6.124069023132324,4.668730926513672,10.792799949645996,10.19447726687207,0.5600900650024414
339.5,56.5,2309.5583086521574,11.40175425099138,3.0,-6.108412075042724,4.807878208160401,10.916290283203125,10.096855438968248,0.5115900039672852
344.5,58.5,1425.8251056625295,7.810249675906654,1.0,-6.07810230255127,4.500207710266113,10.578310012817383,10.178890538051746,0.5789003372192383
341.5,57.5,1839.9871222734612,9.848857801796104,2.0,-6.075846862792969,4.668343353271484,10.744190216064453,10.005595534135637,0.5454807281494141
339.5,55.5,2473.191523910614,11.180339887498949,4.0,-6.065637493133545,5.165371990203857,11.231009483337402,10.739222522238322,0.5269994735717773
353.5,58.5,302.380972168032,1.4142135623730951,1.0,-6.056940746307373,4.500207710266113,10.557148456573486,9.392164385600495,0.5100215276082363
343.5,58.5,1499.235226151508,8.602325267042627,1.0,-6.0305015563964846,4.500207710266113,10.530709266662598,9.986787854382499,0.5762996673583984
354.5,58.5,121.27574329478051,1.0,1.0,-6.025992584228516,4.500207710266113,10.526200294494629,9.218723733914544,0.46440982818603516
349.5,59.5,1143.8081163261165,5.385164807134504,0.0,-6.025269031524658,4.371240139007568,10.396509170532227,9.967658468922991,0.5511188507080078
350.5,59.5,969.7196966264448,4.47213595499958,0.0,-6.021069049835205,4.371240139007568,10.392309188842773,9.786355448643064,0.5281991958618164
340.5,57.5,2021.6090094675255,10.770329614269007,2.0,-6.017419528961182,4.668470668792724,10.685890197753906,9.878405625173343,0.5306997299194336
348.5,59.5,1263.8313323726393,5.830951894845301,0.0,-6.0142502784729,4.371240139007568,10.385490417480469,10.110460474727745,0.5560808181762695
338.5,56.5,2482.0681683473636,12.36931687685298,3.0,-5.996906471252442,4.807384300231933,10.804290771484375,9.953967868510574,0.5018815994262695
347.5,59.5,1326.9324310028976,6.4031242374328485,0.0,-5.990959644317627,4.371240139007568,10.362199783325195,10.137759437106808,0.5625905990600586
342.5,58.5,1619.1457530833566,9.433981132056603,1.0,-5.985192489624024,4.500207710266113,10.485400199890137,9.827957131213225,0.5682001113891602
351.5,59.5,761.4753403750557,3.605551275463989,0.0,-5.98514986038208,4.371240139007568,10.356389999389648,9.576498748056792,0.49388980865478516
352.5,59.5,545.7212386710883,2.8284271247461903,0.0,-5.984050273895264,4.371240139007568,10.355290412902832,9.362562950283973,0.4716806411743164
346.5,59.5,1349.915557754869,7.0710678118654755,0.0,-5.9786505699157715,4.371240139007568,10.34989070892334,10.110809105799717,0.57318115234375
345.5,59.5,1362.3820331850254,7.810249675906654,0.0,-5.9514689445495605,4.371240139007568,10.322709083557129,9.993443285015758,0.5764093399047852
339.5,57.5,2212.4121760461376,11.704699910719626,2.0,-5.941779708862304,4.668429756164551,10.610209465026855,9.771779657469096,0.5168190002441406
353.5,56.5,164.1633100294365,1.0,3.0,-5.941771507263184,4.811728477478027,10.753499984741211,9.544888193849204,0.3719000816345215
338.5,55.5,2629.9918901137285,12.165525060596439,4.0,-5.9381965637207035,5.164212799072265,11.102409362792969,10.551282064335396,0.5109186172485352
341.5,58.5,1781.4582050911174,10.295630140987,1.0,-5.937483024597168,4.500207710266113,10.437690734863281,9.689089584344003,0.5585908889770508
353.5,59.5,345.845709829636,2.0,0.0,-5.913350582122803,4.371240139007568,10.284590721130371,9.261140034912842,0.46790027618408203
344.5,59.5,1394.9761448096044,8.48528137423857,0.0,-5.911350727081299,4.371240139007568,10.282590866088867,9.865908385490684,0.5742912292480469
340.5,58.5,1971.4004681723052,11.180339887498949,1.0,-5.8816015243530275,4.500207710266113,10.38180923461914,9.640105902985738,0.5466184616088867
343.5,59.5,1469.3037271570408,9.219544457292887,0.0,-5.871860027313232,4.371240139007568,10.2431001663208,9.728204407224553,0.5761098861694336
337.5,56.5,2628.814151559298,13.341664064126334,3.0,-5.856255102157593,4.80734486579895,10.663599967956543,9.817838452490832,0.4966001510620117
338.5,57.5,2390.971055613996,12.649110640673518,2.0,-5.846996116638183,4.668394279479981,10.515390396118164,9.747496358815852,0.5106000900268555
342.5,59.5,1593.1658490645423,10.0,0.0,-5.825068950653076,4.371240139007568,10.196309089660645,9.649398180278183,0.5769996643066406
339.5,58.5,2167.3574458863513,12.083045973594572,1.0,-5.811982345581055,4.500207710266113,10.312190055847168,9.621083510131257,0.5358800888061523
337.5,55.5,2766.1255353520146,13.152946437965905,4.0,-5.778014135360718,5.170375871658325,10.948390007019043,10.362433594346271,0.5110807418823242
341.5,59.5,1760.6317861144387,10.816653826391969,0.0,-5.772950649261475,4.371240139007568,10.144190788269043,9.605930604123898,0.5741815567016602
354.5,59.5,181.00468132659097,1.0,0.0,-5.767549991607666,4.371240139007568,10.138790130615234,9.171146496709298,0.46179962158203125
338.5,58.5,2345.9589008383773,13.0,1.0,-5.7248022079467775,4.500207710266113,10.22500991821289,9.680656977661897,0.5323190689086914
337.5,57.5,2537.83502243205,13.601470508735444,2.0,-5.723038387298584,4.668371486663818,10.391409873962402,9.73497629859827,0.5058097839355469
340.5,59.5,1954.884505160688,11.661903789690601,0.0,-5.7134690284729,4.371240139007568,10.084709167480469,9.650925186818426,0.5693187713623047
336.5,56.5,2736.1401528700794,14.317821063276353,3.0,-5.690831136703491,4.806559610366821,10.497390747070312,9.716123258708876,0.5011911392211914
339.5,59.5,2152.648380646855,12.529964086141668,0.0,-5.646569728851318,4.371240139007568,10.017809867858887,9.725407155795892,0.5691194534301758
336.5,55.5,2868.6312152416353,14.142135623730951,4.0,-5.610818862915039,5.158181190490723,10.769000053405762,10.162199116694069,0.5177097320556641
337.5,58.5,2487.542412140885,13.92838827718412,1.0,-5.608701896667481,4.500207710266113,10.108909606933594,9.75145842524745,0.5252094268798828
336.5,57.5,2639.922944460466,14.560219778561036,2.0,-5.564726972579956,4.6683825016021725,10.233109474182129,9.732916986375301,0.49991893768310547
338.5,59.5,2329.7439661738163,13.416407864998739,0.0,-5.556969165802002,4.371240139007568,9.92820930480957,9.81802123925695,0.5604000091552734
335.5,56.5,2797.602191721129,15.297058540778355,3.0,-5.494324159622193,4.805685567855835,10.300009727478027,9.612285844767882,0.5047998428344727
336.5,58.5,2580.166671818022,14.866068747318506,1.0,-5.464582633972168,4.500207710266113,9.964790344238281,9.776610936496297,0.522099494934082
337.5,59.5,2466.6605527669444,14.317821063276353,0.0,-5.442550182342529,4.371240139007568,9.813790321350098,9.91322562478706,0.5493812561035156
335.5,55.5,2930.200045131598,15.132745950421556,4.0,-5.423141717910767,5.141348600387573,10.56449031829834,9.962951184316125,0.5293998718261719
335.5,57.5,2692.449742604105,15.524174696260024,2.0,-5.386615371704101,4.668375396728516,10.054990768432617,9.719722279217478,0.5087003707885742
350.5,54.5,335.92118186740373,1.0,5.0,-5.335886049270629,6.458133840560913,11.794019889831542,11.301470601278993,0.8851779937744126
336.5,59.5,2552.3121582735685,15.231546211727817,0.0,-5.306350231170654,4.371240139007568,9.677590370178223,9.859644854240855,0.5439996719360352
335.5,58.5,2620.8330620782317,15.811388300841896,1.0,-5.296591949462891,4.500207710266113,9.796799659729004,9.78121408553011,0.5251903533935547
334.5,56.5,2814.02983190613,16.278820596099706,3.0,-5.278599548339844,4.805191230773926,10.08379077911377,9.49359288971391,0.5228815078735352
334.5,55.5,2950.119009160611,16.1245154965971,4.0,-5.203947877883911,5.1334620952606205,10.337409973144531,9.770609068858107,0.547419548034668
334.5,57.5,2698.2287526583777,16.492422502470642,2.0,-5.178225517272949,4.668274879455566,9.846500396728516,9.628579807516019,0.5153102874755859
335.5,59.5,2584.8487236299034,16.15549442140351,0.0,-5.144169330596924,4.371240139007568,9.515409469604492,9.775514619115143,0.5403099060058594
