rank,run,lon_e,lat_n,sst_c,woa_c,raw_error_c,grad_east_k_per_100km,grad_north_k_per_100km,grad_mag_k_per_100km,u_m_s,v_m_s,speed_m_s,alignment,adv_tend_k_per_day
1,gm0,300.65000000000003,58.05000000000001,-0.32238388806581497,2.56219991505148,-2.884583803117295,1.5613985458586157,0.0161940622408613,1.561482522047961,-0.028686440084129572,-0.046415286138653755,0.054564554722213755,-0.5345277395714813,0.0393488218361177
2,gm0,300.65000000000003,58.75,-0.19162138924002647,2.6867679178714936,-2.87838930711152,1.7620603278942573,0.39828540597636697,1.8065126248528065,-0.038555776700377464,-0.05143712228164077,0.0642831662691395,-0.7614355889469601,0.07639856035063275
3,gm0,300.65000000000003,57.35000000000002,-0.21683115512132645,2.4080756390094966,-2.624906794130823,1.328945473714086,-0.23458378418830766,1.3494908758154915,-0.010059776541311294,-0.04936893656849861,0.05038343975916647,-0.02629342780632552,0.0015446095541797155
4,gm0,301.35,58.05000000000001,0.35078272223472595,2.923124122023597,-2.572341399788871,1.6190572458395818,0.11143789726356028,1.622887787326091,-0.028268203139305115,-0.04826435260474682,0.05593334462626342,-0.563449613367958,0.04419041796283724
5,gm0,301.35,58.75,0.5404177382588387,3.062319654226315,-2.5219019159674763,1.7812973466090583,0.4225670983416017,1.8307329651364537,-0.04114921251311898,-0.049212634563446045,0.06414936547718232,-0.8012119921881881,0.08129775449136278
6,gm0,300.65000000000003,59.45000000000002,0.29763854295015335,2.758763974905034,-2.4611254319548808,1.7616269911326186,0.86455291663336,1.9623407964841917,-0.044927158392965794,-0.05256974045187235,0.06915220294715028,-0.9181580232370246,0.10764940374224398
7,gm0,301.35,57.35000000000002,0.36693913489580154,2.730979374647159,-2.3640402397513576,1.3899429106800554,-0.10941018246068844,1.3942424046685087,-0.01597798429429531,-0.04394257813692093,0.04675731125105622,-0.26691895423109696,0.015034222516371373
8,gm0,313.25000000000006,59.45000000000002,2.014530897140503,4.3772595942020365,-2.3627286970615335,-0.19885699801477413,-0.973829264422675,0.9939253200846914,-0.005830375012010336,-0.0016674271901138127,0.00606412287268368,0.4617668059170113,-0.0024046850300103043
9,gm0,313.95000000000005,59.45000000000002,1.9921144545078278,4.332553244829166,-2.340438790321338,0.12469452676287929,-1.075367373211031,1.0825727284443347,-0.0072169501800090075,0.00030570587841793895,0.0072234220411679755,-0.15712010423760378,0.0010615625120018615
10,gm0,302.05,58.05000000000001,1.0113765001296997,3.256215054988869,-2.2448385548591694,1.5316523444780679,0.19040128665334696,1.5434414644891499,-0.030223954934626818,-0.04493196215480566,0.05415134970590521,-0.6562343063000649,0.04738840834275802
11,gm0,315.35,59.45000000000002,2.43248051404953,4.664432736635215,-2.2319522225856847,0.805685834698853,-0.8732021704224027,1.1881126607627672,-0.009253315860405564,0.0031151967123150826,0.009763621508889613,-0.8771736544065315,0.008791599205332797
12,gm0,314.65000000000003,59.45000000000002,2.113197922706604,4.339567807912834,-2.22636988520623,0.5565307870783963,-1.169984587635394,1.2956042807394788,-0.007580255391076207,0.0029894495382905006,0.008148440362175156,-0.7309029713428539,0.006666844652090954
13,gm0,354.55,58.75,8.192888259887695,10.41653132438661,-2.223643064498914,-0.34021799284281,-0.18169617249750689,0.38569648916503513,0.023565003415569663,-0.02400939614744857,0.03364164813651269,-0.2816718026810144,0.0031577668814113465
14,gm0,300.65000000000003,56.650000000000006,0.04279948538169265,2.2526693618297697,-2.209869876448077,1.0459130752907937,-0.37480218446525404,1.1110404306523556,-0.002679473487660289,-0.04835727205500007,0.048431449893353025,0.284744740134095,-0.013238134426387313
15,gm0,312.55,59.45000000000002,2.1494640111923218,4.35902795195579,-2.209563940763468,-0.44702638097375436,-0.8523302122676883,0.9624444794536331,-0.005349870654754341,-0.005358117065043189,0.007571692974844442,0.9548647384354979,-0.006012073474164783
16,gm0,302.05,58.75,1.246935397386551,3.402434924244886,-2.155499526858335,1.6629818182146656,0.43241618341742716,1.7182817823028471,-0.05109436344355345,-0.050502886064350605,0.0718413215115835,-0.8652310307830301,0.09228147494117164
17,gm0,355.25000000000006,58.75,8.083544969558716,10.237101316452026,-2.1535563468933105,-0.18260015713057162,-0.07703562642688341,0.19818502749474234,0.021720722783356905,-0.02345165736915078,0.031965137753363175,-0.34089822999179864,0.0018658894553706738
18,gm0,301.35,59.45000000000002,1.0086051672697067,3.1370646059513234,-2.1284594386816167,1.7527429774646623,0.7707283269046951,1.9147141037097422,-0.048098293133080006,-0.051740776281803846,0.07064385134291142,-0.9180798208086877,0.10729327171979598
19,gm0,316.05,59.45000000000002,2.7507128715515137,4.8783778098225605,-2.127664938271047,0.8138032370362898,-0.749297267332949,1.1062197356056203,-0.009781093802303076,0.003578361007384956,0.010415107463133769,-0.9235981999986375,0.009193946620983115
20,gm0,353.85,58.75,8.358301401138306,10.468127578496931,-2.1098261773586255,-0.4855418764997477,-0.27619222331429255,0.5585991926723385,0.02496426342986524,-0.02400889410637319,0.034635840466296586,-0.2837633061014328,0.004743468404882643
21,gm0,353.85,59.45000000000002,8.143323183059692,10.249198318719856,-2.1058751356601633,-0.3111473286008869,-0.4920566480137749,0.582179014522183,0.021901591564528644,-0.019197605608496815,0.029124350192902514,0.15521066843388634,-0.0022737782230818466
22,gm0,354.55,59.45000000000002,8.051462411880493,10.155392904281612,-2.103930492401119,-0.15132637990818618,-0.39344053679030044,0.42153900085989254,0.021099655190482736,-0.020087580138351768,0.02913256468236138,0.38356167846418326,-0.004069728468142192
23,gm0,355.25000000000006,59.45000000000002,8.023583173751831,10.116644620895382,-2.093061447143551,0.008476188793884,-0.28782385306493813,0.2879486346027997,0.01992849283851683,-0.019706340855918825,0.02802649990177996,0.7237587839341221,-0.005046513945959579
24,gm0,302.05,57.35000000000002,0.9505321979522705,3.0422904777527005,-2.09175827980043,1.332163775417799,-0.00013571319546780108,1.3321637823306396,-0.016475928365252912,-0.045209540985524654,0.0481181754809841,-0.34230979098262887,0.01895831948444753
25,gm0,355.95000000000005,58.75,8.045422315597534,10.109268105030054,-2.06384578943252,0.006819640575305456,0.01637670982239748,0.01773990197783975,0.021774421678856015,-0.023201301628432702,0.031818639768257675,-0.4100688073350521,0.00019998770804855134
26,gm0,353.15000000000003,59.45000000000002,8.297663927078247,10.329096575975402,-2.0314326488971552,-0.4418920360500836,-0.5726523288671207,0.7233251421604432,0.023703234735876322,-0.01891533617163077,0.03032545596408828,0.01630444337736968,-0.00030900152296459805
27,gm0,353.15000000000003,58.75,8.585006713867188,10.605750054120989,-2.0207433402538015,-0.6290761211451052,-0.3691622520917032,0.7293953211835057,0.02782045933417976,-0.024807691166643053,0.03727464954341341,-0.3068683729099194,0.007208458709311474
28,gm0,355.95000000000005,59.45000000000002,8.0581693649292,10.069915835857387,-2.0117464709281876,0.1538429320679572,-0.19915759238552794,0.2516572954477303,0.01997337897773832,-0.020183177141007036,0.028395360664968283,0.9925126968807768,-0.006127830274752011
29,gm0,301.35,56.650000000000006,0.5211047232151031,2.4759757244587037,-1.9548710012436006,1.1320068649936927,-0.23348282219711505,1.1558346640648818,-0.002054144162684679,-0.04849109286442399,0.048534581438674035,0.16037184349380512,-0.0077730035785018485
30,gm0,302.75000000000006,58.05000000000001,1.6125399768352509,3.5644351720810192,-1.9518951952457684,1.363971703796585,0.2554383656960207,1.3876842462992844,-0.038923193234950304,-0.04700995236635208,0.06103237332016487,-0.7686322366331865,0.05624491357248852
31,gm0,352.45000000000005,58.75,8.866336584091187,10.815503203868873,-1.949166619777687,-0.598271420877154,-0.6143347540235177,0.857517278566155,0.030317090917378664,-0.01970438996795565,0.0361578343613369,-0.19456762486046575,0.005212302476418283
32,gm0,356.65000000000003,58.75,8.089052438735962,10.020735955238337,-1.9316835165023747,0.18872189163141725,0.07228235263984584,0.20209079861312693,0.021037844475358725,-0.022484532004455104,0.03079196453019436,0.3768524170750967,-0.0020261378309322257
33,gm0,352.45000000000005,59.45000000000002,8.492979049682617,10.386022579669943,-1.8930435299873256,-0.461109069532588,-0.6442562112506005,0.7922674041888809,0.027101882733404636,-0.015057625714689493,0.03100393748959791,-0.1138260177129307,0.0024157051514548324
34,gm0,316.75000000000006,59.45000000000002,3.0764185190200806,4.964439965784541,-1.8880214467644603,0.830792073293997,-0.6546669008469007,1.0577354206570866,-0.01315306918695569,0.006417175987735391,0.014635005182589138,-0.9773006551248415,0.013071091682381917
35,gm0,356.65000000000003,59.45000000000002,8.145314455032349,10.020442512830092,-1.8751280577977436,0.2560778635586558,-0.1487742073635176,0.29615812833925137,0.019401660189032555,-0.01941891311435029,0.027450293343302845,0.9665103472692543,-0.006788766899934977
36,gm0,302.75000000000006,57.35000000000002,1.4857758581638336,3.334727782011065,-1.8489519238472312,1.1925473907165278,0.09196585833843866,1.1960882066991234,-0.01679605129174888,-0.04346270114183426,0.04659521144430466,-0.43111998729450546,0.02075947639937158
37,gm0,302.75000000000006,58.75,1.883424162864685,3.7125462889671543,-1.8291221261024693,1.451893249154348,0.43058588354919536,1.5143969790156777,-0.04869571700692177,-0.04857948701828718,0.0687840055083894,-0.8795419707888313,0.07915849124418675
38,gm0,313.25000000000006,58.75,2.8189752101898193,4.638984292745591,-1.8200090825557718,-0.03171952110053681,-1.0379414874245743,1.0384260490453738,-0.0020763604989042506,-0.003034232940990478,0.0036766618639197204,0.8421337655854707,-0.002777947844505072
39,gm0,300.65000000000003,55.95000000000002,0.366634264588356,2.181400420268378,-1.8147661556800219,0.7283268130432431,-0.42871987168159115,0.8451394411411689,0.0023619841085746884,-0.04980438482016325,0.04986036217521958,0.5475319414864019,-0.0199345759149928
40,gm0,311.85,59.45000000000002,2.3682494163513184,4.178041706085203,-1.8097922897338847,-0.6158797391604033,-0.706554406949672,0.9372977024874697,-0.0052973710699006915,-0.008719111967366189,0.010202208278195906,0.9854184796409878,-0.008141532910268983
41,gm0,313.95000000000005,58.75,2.8400734066963196,4.633544129133223,-1.7934707224369033,0.1472731642547125,-1.0802267058361121,1.090219758081431,-0.0037062522023916245,-0.00035708938958123326,0.0037234148600289313,-0.03943842514051461,0.0001383212111407327
42,gm0,302.05,59.45000000000002,1.6845313012599945,3.4706425350904535,-1.786111233830459,1.610373820459654,0.6692584336677215,1.7439067327862445,-0.056679246947169304,-0.05027350736781955,0.07576254072799042,-0.9454896478118066,0.10793152302600278
43,gm0,357.35,58.75,8.197832107543945,9.971203112602232,-1.7733710050582872,0.30565776669786915,0.08089264559986815,0.31618078761188967,0.021571464953012764,-0.021691886773623992,0.03059192788986633,0.5002565773985046,-0.004180698742551555
44,gm0,312.55,58.75,2.865689754486084,4.621286541223526,-1.755596786737442,-0.1799088346892457,-0.9396144918278393,0.9566831147522835,-0.0014122860884526744,-0.006637510581640527,0.006786095984955335,0.9997905826765288,-0.00560803726937499
45,gm0,302.05,56.650000000000006,1.011587768793106,2.7390291643142772,-1.7274413955211712,1.1080309477295036,-0.11217944764110933,1.1136951151906012,-0.005316310096532106,-0.04347377549856901,0.04379762903562781,-0.020783724317545407,0.0008758990014174733
46,gm0,351.75000000000006,59.45000000000002,8.662525653839111,10.380159461498252,-1.7176338076591406,-0.38969436921603945,-0.6830464080647075,0.7863930931593854,0.02537048840895295,-0.014939214801415801,0.02944217758576388,0.0137104831766522,-0.000274268619807334
47,gm0,357.35,59.45000000000002,8.260796070098877,9.977162461280821,-1.7163663911819445,0.28541865614271045,-0.13179070314930924,0.31437652379097925,0.01994115556590259,-0.01893689265125431,0.02750010161051514,0.9470119543260508,-0.007073813567397116
48,gm0,314.65000000000003,58.75,2.9379114508628845,4.6535620272159655,-1.715650576353081,0.3368997653468667,-1.0524723522927308,1.1050789583696579,-0.004616444406565279,0.0014465887215919793,0.0048377864657656155,-0.5757005911505176,0.0026591964525412492
49,gm0,303.45000000000005,58.05000000000001,2.1350004076957703,3.8415514278412077,-1.7065510201454375,1.153593220575808,0.3002184938352712,1.1920186502732177,-0.03524995967745781,-0.04604736529290676,0.05799068466297665,-0.7882475880559494,0.047077964780663464
50,gm0,341.95000000000005,59.45000000000002,8.478602647781372,10.182219822406767,-1.7036171746253945,0.08829717367765628,-0.5498895751892616,0.5569335110956143,0.03906514775007963,-0.0011683790944516659,0.03908261606448452,0.18798782184001883,-0.0035353338792826683
51,gm0,315.35,58.75,3.1121500730514526,4.814058941602712,-1.7019088685512598,0.4903826404180716,-0.9204142430333505,1.0428986109886498,-0.00590784044470638,0.004261184250935912,0.007284248069672856,-0.8976434734157994,0.005891751711240136
52,gm0,342.65000000000003,59.45000000000002,8.551266193389893,10.217771191596983,-1.66650499820709,0.2533543105208001,-0.4875249874233426,0.5494260824001718,0.03801336511969566,-0.001318034715950489,0.03803620831833459,0.49159646950039354,-0.00887623900023734
53,gm0,341.25000000000006,59.45000000000002,8.481399297714233,10.144040381908411,-1.6626410841941777,-0.11851628876479196,-0.5936065687701946,0.6053221201886673,0.04052276536822319,-0.00040139886550605297,0.04052475335072748,-0.18606751789191192,0.003943585231488249
54,gm0,312.55,55.25,4.214623212814331,5.875327551364902,-1.6607043385505706,0.40033552802641237,-0.1854138219338566,0.4411879648905966,0.014565858989953995,-0.0387891186401248,0.041433802299486115,0.7124289916188429,-0.01125210492266069
55,gm0,311.85,55.25,4.027233779430389,5.679394137859351,-1.6521603584289615,0.4447653584928854,-0.13692789461470925,0.4653659553930883,0.015001795487478375,-0.04182223230600357,0.044431441377761484,0.599650869283919,-0.010712657519228402
56,gm0,313.25000000000006,55.25,4.382463693618774,6.031672418117536,-1.6492087244987612,0.35608189232353044,-0.22812896152336326,0.4228914011024988,0.01405345182865858,-0.03552765678614378,0.038206202441677654,0.8113515342103469,-0.01132623403384992
57,gm0,351.75000000000006,58.75,9.068164348602295,10.716780483722687,-1.6486161351203918,-0.4360339429258516,-0.5444921375425682,0.6975652566098314,0.031620333436876535,-0.01878361264243722,0.036778656725883555,-0.1387619592895258,0.0030758480063935245
58,gm0,303.45000000000005,57.35000000000002,1.9521101117134094,3.598883177042037,-1.6467730653286274,1.0212257104886928,0.17162716848629758,1.0355471195101453,-0.02238488895818591,-0.04465326573699713,0.049949948895361196,-0.5901097626478385,0.02637250936644176
59,gm0,311.15000000000003,55.25,3.819969356060028,5.46552141904832,-1.6455520629882923,0.48971080886226587,-0.08142324609720002,0.49643370284615035,0.015111359301954508,-0.044790271669626236,0.04727072684221906,0.4707575720153186,-0.009544750818927744
60,gm0,310.45000000000005,55.25,3.5926984548568726,5.234294271469134,-1.641595816612261,0.5237889450690268,-0.019141054944808063,0.5241385684729986,0.015282744076102972,-0.0473105376586318,0.049717695441809026,0.34193634017590957,-0.007698677182422489
61,gm0,313.95000000000005,55.25,4.530585527420044,6.169254589080818,-1.6386690616607744,0.3168049022364255,-0.26892141136153375,0.41555273019162126,0.013438320253044367,-0.03236384829506278,0.035042932635400544,0.8900214020325868,-0.011198008075322606
62,gm0,314.65000000000003,55.25,4.6635743379592896,6.289277952909474,-1.6257036149501847,0.28874808605008134,-0.3067231551204293,0.421253547266508,0.012807836988940835,-0.02916644047945738,0.0318547004157473,0.9422721562478699,-0.010924641559718909
63,gm0,309.75000000000006,55.25,3.355195462703705,4.971081972122214,-1.6158865094185089,0.5271044697130739,0.04970648458960092,0.5294429682239221,0.01497312099672854,-0.04960990510880947,0.05182023771932886,0.1977873092279358,-0.004688465776543601
64,gm0,316.05,58.75,3.333939254283905,4.94154075831175,-1.607601504027845,0.5867312457611997,-0.8081328908444241,0.9986652712581203,-0.007089627382811159,0.0054982197470963,0.008971802316952012,-0.9601745375438261,0.007432990380015843
65,gm0,358.05,58.75,8.335898399353027,9.932508838176728,-1.596610438823701,0.3494056133771858,0.0452991463988538,0.3523298104389582,0.021737570874392986,-0.021037959486420732,0.03025091282707909,0.6231977600875686,-0.0057388847137823246
66,gm0,310.45000000000005,55.95000000000002,3.6040270924568176,5.200367883443844,-1.5963407909870266,0.41597899737074856,0.0477178622320874,0.4187069627192432,0.013499997789040208,-0.04211696330457926,0.04422768972378465,0.194723949443677,-0.00311557025565257
67,gm0,315.35,55.25,4.786800503730774,6.3831393301487,-1.5963388264179263,0.27408220624265817,-0.3402184505940814,0.4368863123324882,0.012246846687048674,-0.026168174110352993,0.028892189083657607,0.9712370289912231,-0.010592241186414823
68,gm0,309.75000000000006,55.95000000000002,3.420745313167572,5.015620714426056,-1.5948754012584843,0.4128806609720751,0.1107369134343532,0.42747292803370024,0.013062626589089632,-0.04488964565098286,0.046751604251370836,0.02113405760206815,-0.00036492344258375726
69,gm0,351.05,59.45000000000002,8.801332473754883,10.39277315855026,-1.5914406847953764,-0.32932604326842835,-0.7138444396738018,0.7861485399261662,0.02743696584366262,-0.01267165131866932,0.030221810697710405,0.0004158636495968451,-8.53669560919531e-06
70,gm0,311.15000000000003,55.95000000000002,3.7833282947540283,5.362505897283559,-1.5791776025295308,0.3961249310339406,-0.010631690178678571,0.39626757856617495,0.013650520239025354,-0.039085653610527515,0.041400785269825296,0.3549270305050412,-0.0050309492669679805
71,gm0,358.05,59.45000000000002,8.3711576461792,9.947228100299839,-1.5760704541206394,0.282256393820297,-0.14458155217093327,0.31713167151925226,0.01906234724447131,-0.018192501098383218,0.0263503354567542,0.9586243740758177,-0.006921304794129947
72,gm0,343.35,59.45000000000002,8.67907428741455,10.250473074913021,-1.5713987874984703,0.3522320312638731,-0.4277071901524825,0.5540765690375345,0.03663217509165406,-0.0013464561197906733,0.03665691198161845,0.6636349559669651,-0.011645782046616773
73,gm0,309.05,55.95000000000002,3.2441447377204895,4.813413158655172,-1.5692684209346828,0.3890485191611577,0.1712531675007342,0.4250722263810283,0.012363600544631481,-0.04707962553948164,0.04867596695870585,-0.15719519091536796,0.0028101552609563116
74,gm0,311.85,58.75,2.964267671108246,4.531734514236453,-1.5674668431282068,-0.2841615067870402,-0.7973481619741712,0.846470231811533,-0.001211435184814036,-0.010778242722153664,0.010846109504548802,0.9735697674554643,-0.007722652554413832
75,gm0,303.45000000000005,58.75,2.419468939304352,3.986046707630175,-1.566577768325823,1.189772872370639,0.41108447742956855,1.2587890750291018,-0.05040755309164524,-0.045761967077851295,0.06808141478789478,-0.9193167303860805,0.06807073555011155
76,gm0,309.05,55.25,3.1249825954437256,4.6884443640708975,-1.563461768627172,0.49133189472949684,0.12133383775565139,0.5060918206837491,0.014517231611534953,-0.051408915780484676,0.05341934701386677,0.03311021770017203,-0.0007733991174501376
77,gm0,311.85,55.95000000000002,3.949304521083832,5.511676217317582,-1.5623716962337504,0.3639217624900649,-0.06400126325003995,0.3695067129450778,0.013531326316297054,-0.03569841291755438,0.038176870965419975,0.5110432338460309,-0.006228651724934441
78,gm0,352.45000000000005,58.05000000000001,9.449331760406494,11.009495081901553,-1.5601633214950592,-0.14766070555672428,-0.5872765025397222,0.6055554263655788,0.03203030815348029,-0.026685564313083887,0.04169004657126977,0.43342888551460257,-0.009454049548080073
79,gm0,342.65000000000003,58.75,8.860242128372192,10.419979357719427,-1.5597372293472347,0.13980056523601175,-0.4136692882950886,0.43665372793424484,0.04273048788309097,-0.012011651881039143,0.0443866463662018,0.5645870768645125,-0.009454404536995243
80,gm0,341.95000000000005,58.75,8.826792240142822,10.386281001567843,-1.5594887614250208,0.019495610591837503,-0.441576316790347,0.44200647323594416,0.04370371252298355,-0.012049693614244461,0.045334419644335947,0.3080575377153291,-0.005333376860982086
81,gm0,316.05,55.25,4.9067758321762085,6.457042491436006,-1.5502666592597976,0.2747018099404719,-0.36774680692029577,0.4590193878091038,0.011832671007141471,-0.02335874130949378,0.026184783725039577,0.9851268896621346,-0.010230242692897833
82,gm0,312.55,55.95000000000002,4.100536227226257,5.647329813241955,-1.5467935860156974,0.32944508558699587,-0.11413041336785897,0.34865429249177676,0.013095678994432092,-0.0320979212410748,0.03466660289563214,0.6600381055556079,-0.006892694876131216
83,gm0,340.55,59.45000000000002,8.572381019592285,10.102529251575463,-1.530148231983178,-0.3018714595589147,-0.588537186042042,0.6614396400659055,0.0415872810408473,0.0014434419572353363,0.04161232352385919,-0.48697547131446567,0.0115806520753462
84,gm0,302.75000000000006,56.650000000000006,1.4693740606307983,2.9957423031330324,-1.526368242502234,1.0004917008478411,-0.012077536331099252,1.0005645957904143,-0.005050437292084098,-0.04491395363584161,0.04519701481341221,-0.09973945297942094,0.003897046675790553
85,gm0,313.25000000000006,55.95000000000002,4.236461281776428,5.753236860036852,-1.5167755782604235,0.29068356993796296,-0.15872918855173265,0.3311976647414201,0.012545128935016692,-0.028564263600856066,0.031197714901181204,0.7917307430865129,-0.00706807749349817
86,gm0,308.35,55.95000000000002,3.0816359519958496,4.59392757534982,-1.5122916233539705,0.3577900529357546,0.22093629617293198,0.42050751354331783,0.011227293987758458,-0.04876862559467554,0.05004429011067296,-0.3211245674611086,0.005838692023981457
87,gm0,343.35,58.75,8.939693689346313,10.45195505619049,-1.512261366844177,0.23487816375719892,-0.3733934254038081,0.44112402104707776,0.041459040716290474,-0.011886102613061666,0.04312924173276482,0.7451121789543997,-0.012248077758309649
88,gm0,304.15000000000003,58.05000000000001,2.5628565549850464,4.072036035656943,-1.5091794806718966,0.9245947860561335,0.3217035639660121,0.9789630746206015,-0.035122163128107786,-0.04339019488543272,0.055823609297440145,-0.8496465619337041,0.040117722542569415
89,gm0,341.25000000000006,58.75,8.844497680664062,10.35012036561966,-1.505622684955597,-0.10092448084127047,-0.44511324502974137,0.4564116034173392,0.04493279010057449,-0.011453340179286897,0.046369544180256426,0.026612436115117273,-0.00048661767358414815
90,gm0,309.05,56.650000000000006,3.391577363014221,4.892463359832765,-1.5008859968185435,0.30897242795005664,0.1875879898253628,0.3614598389310676,0.008064653753535822,-0.041333756409585476,0.042113157790545315,-0.3456764042456413,0.004546333980863001
91,gm0,304.15000000000003,57.35000000000002,2.343466818332672,3.8407881462574243,-1.4973213279247521,0.8407502576845266,0.2347674024403353,0.8729127843290991,-0.019416525727137923,-0.04518350772559643,0.049178764133532685,-0.6273662753371024,0.02326930308026831
92,gm0,316.75000000000006,55.25,5.030551791191101,6.523615658283238,-1.493063867092137,0.2934563755543268,-0.38810359479851997,0.486560422403031,0.011661180760711432,-0.02067932765930891,0.023740634557126838,0.9910413239742535,-0.009890872626225436
93,gm0,309.75000000000006,56.650000000000006,3.527582824230194,5.01854686141015,-1.490964037179956,0.32180426766963605,0.13460401912148798,0.34882119868787886,0.009416198066901416,-0.03877925407141447,0.0399060813958278,-0.15730294718727625,0.001891875513652642
94,gm0,313.95000000000005,55.95000000000002,4.353906989097595,5.84373464822769,-1.4898276591300945,0.25620928641753216,-0.19620241793141716,0.32270510880479647,0.011773288948461413,-0.024983263108879328,0.02761835926030825,0.8884293423563889,-0.006841327037804595
95,gm0,308.35,56.650000000000006,3.2631596326828003,4.751529815196997,-1.4883701825141964,0.29441481367086836,0.2301709196070121,0.3737094255455564,0.00660011256695725,-0.043383714742958546,0.043882891777945826,-0.49041269497465917,0.0069487187962299106
96,gm0,350.35,59.45000000000002,8.92311143875122,10.41130112409591,-1.4881896853446897,-0.2958795826133679,-0.7185003077987516,0.777037592214406,0.0259178567212075,-0.011160182766616344,0.02821852186783215,0.015963537283064818,-0.0003024260271361899
97,gm0,302.75000000000006,59.45000000000002,2.2828454971313477,3.7674297213554606,-1.484584224224113,1.3780585164884804,0.5697829204047853,1.491206843885662,-0.05632096994668245,-0.049357734620571136,0.07488816744058993,-0.9468365532534188,0.09135658350886255
98,gm0,308.35,55.25,2.9192216992378235,4.3868657857179745,-1.467644086480151,0.43543738066364607,0.18446082392703095,0.4728969317336032,0.013846948742866516,-0.052893015556037426,0.05467548887846171,-0.14415333943017844,0.0032203095598146514
99,gm0,317.45000000000005,59.45000000000002,3.4080936312675476,4.874764436185348,-1.4666708049178006,0.8307626201122899,-0.37172500884505244,0.9101351620373158,-0.012819352094084024,0.004351179930381477,0.013537671694152249,-0.9956310685827794,0.01059893072518811
100,gm0,310.45000000000005,56.650000000000006,3.6669822335243225,5.1302763712406225,-1.4632941377163,0.3223078826597701,0.07370518747036607,0.3306279266557287,0.010420032776892185,-0.03547028545290232,0.03696915245419999,0.06087806422401218,-0.0006429150685140146
1,gm500,354.55,58.75,7.769158244132996,10.41653132438661,-2.6473730802536135,-0.3001645609755874,-0.11141170800535743,0.3201739095340815,0.024104573065415025,-0.024400487483944744,0.03429889549417117,-0.41130927096851166,0.003902548554663528
2,gm500,355.25000000000006,58.75,7.683370351791382,10.237101316452026,-2.5537309646606445,-0.10903793417940172,0.0023319160549501922,0.10906286683651259,0.02206705103162676,-0.023831252598029096,0.032478967681000705,-0.6949590249262488,0.002126924471631976
3,gm500,353.85,58.75,7.9257800579071045,10.468127578496931,-2.5423475205898267,-0.5008950720815247,-0.2132592826993048,0.5444037058038619,0.025660227052867413,-0.02436010175733827,0.035381659232328035,-0.39757557178262526,0.006616566822547248
4,gm500,353.85,59.45000000000002,7.759786605834961,10.249198318719856,-2.4894117128848947,-0.306269098300756,-0.4109923172767992,0.5125577483898875,0.022548011504113674,-0.019514222163707018,0.02981975334311397,0.07291357196277302,-0.0009628729071058833
5,gm500,354.55,59.45000000000002,7.68243932723999,10.155392904281612,-2.472953577041622,-0.09428031259487055,-0.303522398938083,0.3178279786301315,0.02158919651992619,-0.02045999953406863,0.029743990776459058,0.44159772610465037,-0.0036068819998595083
6,gm500,353.15000000000003,58.75,8.173675775527954,10.605750054120989,-2.432074278593035,-0.7020855398981254,-0.31976655435712054,0.7714756993058612,0.02876129560172558,-0.02510024802177213,0.03817374196282459,-0.4131281058299911,0.010512002817166357
7,gm500,355.25000000000006,59.45000000000002,7.685185432434082,10.116644620895382,-2.4314591884613,0.0987339952425688,-0.19112897663401088,0.21512481847923515,0.020274523529224098,-0.02005343179916963,0.028516599223277123,0.95108886589829,-0.005041074188841106
8,gm500,355.95000000000005,58.75,7.681100368499756,10.109268105030054,-2.4281677365302983,0.1073222484130213,0.10209124200272353,0.14812388969401566,0.022033153916709125,-0.0235721081844531,0.032266145660381496,-0.008758065249017087,3.61654702865206e-05
9,gm500,353.15000000000003,59.45000000000002,7.92478084564209,10.329096575975402,-2.4043157303333125,-0.49162467496038637,-0.5044295409790506,0.7043748879980328,0.024502208922058344,-0.019214432453736663,0.03113764051079343,-0.10730903558551766,0.002033478565321295
10,gm500,352.45000000000005,58.75,8.492776870727539,10.815503203868873,-2.3227263331413344,-0.6950834517957403,-0.6052198200940312,0.9216463723114916,0.03141525713726878,-0.019687072839587927,0.03707423927731974,-0.29035442970356395,0.00857193294631973
11,gm500,355.95000000000005,59.45000000000002,7.760564565658569,10.069915835857387,-2.3093512701988175,0.26134945578941177,-0.10143413666752296,0.2803434003555415,0.020236246986314654,-0.020544461265671998,0.028837138914736774,0.9119701629170911,-0.006369962540149093
12,gm500,356.65000000000003,58.75,7.770042657852173,10.020735955238337,-2.2506932973861637,0.3036338686041892,0.15666276418739433,0.34166759847310835,0.021168117760680616,-0.0228160907572601,0.03112335468701232,0.26828738666396007,-0.0024649277536180885
13,gm500,352.45000000000005,59.45000000000002,8.148794412612915,10.386022579669943,-2.2372281670570278,-0.5199379959370634,-0.5863670767197895,0.7836848016134811,0.028161505237221718,-0.01500906131695956,0.03191147597404918,-0.23357690958143568,0.005046984449463043
14,gm500,341.95000000000005,59.45000000000002,8.050031185150146,10.182219822406767,-2.13218863725662,0.16018463145812736,-0.43932718023281575,0.46761895539711934,0.04176441766321659,-0.001566428691148758,0.04179378281027038,0.37752541712709253,-0.006374758364378339
15,gm500,356.65000000000003,59.45000000000002,7.891983389854431,10.020442512830092,-2.128459122975661,0.3630084306884674,-0.05928834542520384,0.3678182005477191,0.019559591193683445,-0.01973755264771171,0.027787561825126192,0.8091858581862967,-0.007145714888656709
16,gm500,341.25000000000006,59.45000000000002,8.039677858352661,10.144040381908411,-2.10436252355575,-0.13262006911615248,-0.4912470783128378,0.5088337397257305,0.04329534340649843,-0.0007297219708561897,0.04330149252440818,-0.244328690204083,0.004651221008574942
17,gm500,300.65000000000003,57.35000000000002,0.32725977897644043,2.4080756390094966,-2.080815860033056,1.4641741143961708,0.13023720919069368,1.4699549543865593,-0.013442269177176058,-0.051780411042273045,0.05349678091566267,-0.3360411818721502,0.022831682797030455
18,gm500,300.65000000000003,58.05000000000001,0.4923670217394829,2.56219991505148,-2.069832893311997,1.6499212130030545,0.2786724398726552,1.67328967541847,-0.031303239054977894,-0.05075305933132768,0.05963024238440055,-0.6593729675542876,0.056843732471653224
19,gm500,313.25000000000006,59.45000000000002,2.313341498374939,4.3772595942020365,-2.0639180958270975,-0.12047918137073409,-0.9366084512486955,0.9443254863098012,-0.004829234327189624,-0.0011830960866063833,0.0049720438993486335,0.35992289903075564,-0.001460090872865132
20,gm500,342.65000000000003,59.45000000000002,8.16642713546753,10.217771191596983,-2.0513440561294534,0.38564414242824696,-0.36862246238096685,0.5334828248041593,0.040654491633176804,-0.0016903718933463097,0.04068961841907415,0.7509612556433906,-0.014084302128247616
21,gm500,357.35,58.75,7.9263118505477905,9.971203112602232,-2.044891262054442,0.4172592657662607,0.1560841500500239,0.44549697727890075,0.02164190774783492,-0.02198013629822526,0.030846370331926526,0.40747707837368335,-0.004837998796891701
22,gm500,351.75000000000006,59.45000000000002,8.33619213104248,10.380159461498252,-2.0439673304557715,-0.42040371782376273,-0.6428140407835417,0.7680814911117874,0.026410222984850407,-0.014906344702467322,0.030326539375574925,-0.06529565543109626,0.0013140992965366167
23,gm500,341.95000000000005,58.75,8.370827198028564,10.386281001567843,-2.0154538035392786,0.061088627982879055,-0.4650495498179311,0.46904467191802846,0.046246265061199665,-0.012471654685214162,0.04789842588956302,0.38390749424715315,-0.007452050352852771
24,gm500,313.95000000000005,59.45000000000002,2.317780554294586,4.332553244829166,-2.0147726905345795,0.17297665296998077,-1.0301504702721476,1.044572119996807,-0.006033639772795141,0.0008372748852707446,0.00609145615935636,-0.29957698145054107,0.0016469550114624357
25,gm500,342.65000000000003,58.75,8.433298826217651,10.419979357719427,-1.9866805315017757,0.22918509237822962,-0.4260019784517196,0.4837390745155874,0.045243678614497185,-0.01238438580185175,0.046908032001577483,0.689470650742114,-0.013517236382076895
26,gm500,351.75000000000006,58.75,8.735017776489258,10.716780483722687,-1.981762707233429,-0.5187042239380187,-0.5422904020108485,0.7504218493915472,0.0328428465873003,-0.0184945521177724,0.037692187917311756,-0.24770354965121058,0.006053447647892411
27,gm500,341.25000000000006,58.75,8.38396430015564,10.35012036561966,-1.9661560654640198,-0.12692797701068517,-0.46876505510448646,0.48564533173411356,0.047513628378510475,-0.01181799778714776,0.04896131078094443,-0.020647145049525143,0.00042417591546654404
28,gm500,300.65000000000003,56.650000000000006,0.2896229848265648,2.2526693618297697,-1.963046377003205,1.161701531444994,-0.04099553145441007,1.1624246563803067,-0.006684554740786552,-0.04988799151033163,0.05033383523056328,-0.09776691264801525,0.004942315659663785
29,gm500,340.55,59.45000000000002,8.154969453811646,10.102529251575463,-1.9475597977638177,-0.38460311181138773,-0.49339934524573,0.6255896958102154,0.04447111859917641,0.0012246049009263515,0.04448797642763027,-0.6362620856709807,0.015299668674960453
30,gm500,312.55,59.45000000000002,2.4131121039390564,4.35902795195579,-1.9459158480167336,-0.35120237514941216,-0.8225295931968748,0.894370191808294,-0.004558668239042163,-0.004998570453608409,0.006765143213069384,0.9441281171101666,-0.004935588970903694
31,gm500,357.35,59.45000000000002,8.047802209854126,9.977162461280821,-1.9293602514266954,0.37164235595931977,-0.05729604738232851,0.3760330807105032,0.020052514970302582,-0.019220040790969506,0.02777612868347101,0.8189379172421605,-0.007390307181014602
32,gm500,300.65000000000003,58.75,0.7610772401094437,2.6867679178714936,-1.92569067776205,1.7576842392018615,0.4491063076355507,1.8141527940878255,-0.03950425796210766,-0.055184855591505766,0.06786718414515289,-0.7652597061811659,0.08140597488011247
33,gm500,352.45000000000005,58.05000000000001,9.090957641601562,11.009495081901553,-1.9185374402999908,-0.2171278031469775,-0.6361075231105978,0.6721437821309756,0.03315923688933253,-0.02652748255059123,0.0424646008053154,0.3389542210937681,-0.008358801661271698
34,gm500,351.05,59.45000000000002,8.481447219848633,10.39277315855026,-1.9113259387016264,-0.3461835077898257,-0.6902202738160488,0.7721703487264774,0.02868444612249732,-0.01249895035289228,0.031289314618228974,-0.05393280279547367,0.0011258380016996065
35,gm500,315.35,59.45000000000002,2.761122763156891,4.664432736635215,-1.9033099734783239,0.7652651468613092,-0.7660869557211005,1.0828296120473824,-0.007936147972941399,0.0037917838781140745,0.008795457329027733,-0.9426827921746063,0.007757072880735894
36,gm500,343.35,58.75,8.555914640426636,10.45195505619049,-1.8960404157638546,0.34382354567165,-0.3669553093390543,0.5028626349315947,0.043947143480181694,-0.012149737449362874,0.04559569650916769,0.8534610866567769,-0.01690716098098027
37,gm500,343.35,59.45000000000002,8.355179786682129,10.250473074913021,-1.8952932882308922,0.5055570091696361,-0.3033541597560022,0.5895859867413893,0.03921743482351303,-0.001671108417212963,0.039253022781418664,0.8786051282224389,-0.017568218948928654
38,gm500,314.65000000000003,59.45000000000002,2.4502127170562744,4.339567807912834,-1.8893550908565597,0.5602920186446562,-1.1170723693728528,1.2497110964431672,-0.0062152580940164626,0.003695978783071041,0.00723116120274942,-0.8422209996531005,0.006575934482136851
39,gm500,312.55,55.25,4.02069878578186,5.875327551364902,-1.8546287655830413,0.38911354045481006,-0.10294491992800216,0.4025009365259414,0.015243651112541556,-0.03516110684722662,0.03832326100376866,0.6191945845474509,-0.008252209482762202
40,gm500,313.25000000000006,55.25,4.191807389259338,6.031672418117536,-1.8398650288581972,0.3807925529805063,-0.14686713927496908,0.4081334646953431,0.014939697459340096,-0.03217097884044051,0.0354706419413109,0.7193452160913122,-0.0089975103836569
41,gm500,340.55,58.75,8.47333288192749,10.310373294353482,-1.837040412425992,-0.2622768816304618,-0.4229102676017735,0.497636671760435,0.04840932693332434,-0.010343652334995568,0.04950206134864224,-0.33783375266808124,0.007190389900450784
42,gm500,311.85,55.25,3.846535086631775,5.679394137859351,-1.832859051227576,0.39175249870202494,-0.05651025477107568,0.3958073131380621,0.015462185023352504,-0.037954237312078476,0.04098296348042631,0.5056391651171235,-0.007086660398011118
43,gm500,358.05,58.75,8.107016801834106,9.932508838176728,-1.825492036342622,0.45089765954339245,0.10154111442690708,0.4621896767570293,0.021723628626205027,-0.02128214092226699,0.030411273615626587,0.5431304970620185,-0.006595880542019898
44,gm500,341.95000000000005,58.05000000000001,8.773987293243408,10.597267065048216,-1.823279771804808,0.07305124141152815,-0.5541011448461036,0.5588958423458955,0.04892331548035145,-0.024058826034888625,0.054518968329995296,0.5547980420342861,-0.014605861230195149
45,gm500,316.05,59.45000000000002,3.055743992328644,4.8783778098225605,-1.8226338174939167,0.7419676801310007,-0.6485943623220896,0.9854900736156488,-0.00837237440282479,0.004335001693107188,0.00942809062431614,-0.9711987399252117,0.007796467185112612
46,gm500,313.95000000000005,55.25,4.358587622642517,6.169254589080818,-1.8106669664383013,0.3736371513002684,-0.1871194930952897,0.4178736956641539,0.014519817661494017,-0.029338392429053783,0.03273478845577277,0.7979328035299837,-0.009430498161787836
47,gm500,350.35,59.45000000000002,8.610116720199585,10.41130112409591,-1.8011844038963254,-0.3168451256963455,-0.7077169955988988,0.775405816032524,0.02709969412535429,-0.010960240615531802,0.029232179118877107,-0.03660231570587218,0.0007168240212611361
48,gm500,342.65000000000003,58.05000000000001,8.829596757888794,10.630585927963256,-1.8009891700744625,0.18505052631500185,-0.553084970997122,0.5832209550696429,0.04798502754420042,-0.024010766996070743,0.053657057319212664,0.7081135510356681,-0.019145936710023483
49,gm500,311.15000000000003,55.25,3.673084855079651,5.46552141904832,-1.7924365639686695,0.3903162057416332,-0.008770223561649911,0.39041472472982663,0.015338358469307423,-0.040748732164502144,0.04353991747290418,0.37321756378475435,-0.0054813761605281
50,gm500,341.25000000000006,58.05000000000001,8.769418001174927,10.5613730430603,-1.7919550418853731,-0.047753564790580065,-0.5334569643186534,0.5355900818072356,0.04984222259372473,-0.023737215204164386,0.05520600093043524,0.34776492110000934,-0.008884200059933333
51,gm500,300.65000000000003,55.95000000000002,0.3910787105560303,2.181400420268378,-1.7903217097123476,0.7845043950372349,-0.2168330012946578,0.8139187283035002,-0.0011869247537106276,-0.04988491116091609,0.049899029568754756,0.24340392548991907,-0.008541112884889823
52,gm500,301.35,57.35000000000002,0.9504883736371994,2.730979374647159,-1.7804910010099597,1.4171415618623482,0.22246723827031728,1.4344970820678855,-0.02003284147940576,-0.047180257737636566,0.051257111291300984,-0.528850784960736,0.03359701489170789
53,gm500,344.05,58.75,8.710967063903809,10.483872270584104,-1.7729052066802957,0.3775246742376238,-0.30908394062082534,0.48791163340088733,0.04318053927272558,-0.011220419546589255,0.04461453559866872,0.9082053964611397,-0.017081081721693554
54,gm500,314.65000000000003,55.25,4.523347020149231,6.289277952909474,-1.7659309327602433,0.3708148107790909,-0.22317107458451868,0.43279204293094603,0.014006904792040586,-0.026514588855206966,0.029986943892533546,0.8561536641664427,-0.00960012608000646
55,gm500,351.05,58.75,8.91167688369751,10.675846493244169,-1.7641696095466592,-0.3790193859360122,-0.5186467090746107,0.6423784739148998,0.032995476853102446,-0.018590917228721082,0.0378724662013022,-0.1177143018669575,0.0024743295384544403
56,gm500,358.05,59.45000000000002,8.186052799224854,9.947228100299839,-1.761175301074985,0.3506447232205692,-0.08910351408390793,0.3617888308731086,0.019070868846029043,-0.018472905969247222,0.02655082472336953,0.8675079064899844,-0.007199798715613288
57,gm500,301.35,58.05000000000001,1.1666420698165894,2.923124122023597,-1.7564820522070077,1.5307168121058312,0.3219392385735458,1.5642054955141773,-0.03103584097698331,-0.052124899346381426,0.06066488734860546,-0.6774848957661198,0.055544947748013454
58,gm500,351.75000000000006,58.05000000000001,9.180391311645508,10.933271908760068,-1.7528805971145598,-0.24020970093268004,-0.5114284287918144,0.5650307409324129,0.0354745383374393,-0.024945985642261803,0.0433675578044047,0.1729006457364858,-0.003660558909342273
59,gm500,343.35,58.05000000000001,8.926429748535156,10.662579851150511,-1.7361501026153547,0.26465822720062254,-0.5310046695681042,0.5933042527473639,0.04702119901776314,-0.023505961056798697,0.05256922447850858,0.799188404284255,-0.02153634242981901
60,gm500,310.45000000000005,55.25,3.500195622444153,5.234294271469134,-1.7340986490249808,0.3853159152319242,0.039651187821719995,0.38735070830797347,0.015362519770860672,-0.043163569644093513,0.045815944365805626,0.23710908048861198,-0.003635657186771981
61,gm500,344.05,59.45000000000002,8.56645917892456,10.279423532485955,-1.7129643535613948,0.4940261261952254,-0.2655050149712951,0.56085178642701,0.03841885877773166,-0.0009481934830546379,0.038430557902073136,0.892261601960833,-0.01661616296615662
62,gm500,339.85,59.45000000000002,8.344002723693848,10.055991230010981,-1.7119885063171338,-0.4119160791996499,-0.4445087479412817,0.606022180534292,0.05001529585570097,0.011689192615449429,0.051363090284117216,-0.8287952713866527,0.022289517742604036
63,gm500,330.75000000000006,59.45000000000002,6.849246144294739,8.559466350078592,-1.7102202057838536,0.42500218056159145,-0.9526954519743214,1.0431948416737231,0.04594939574599266,0.005880679469555616,0.046324176845849094,0.28817497747167115,-0.012032147637247673
64,gm500,340.55,58.05000000000001,8.813326120376587,10.521494159698479,-1.708168039321892,-0.13073529253896105,-0.4885382513547462,0.5057285237674467,0.05033470317721367,-0.02251320902723819,0.05514006641855197,0.1584327896983645,-0.0038171879647050503
65,gm500,311.85,55.95000000000002,3.810487747192383,5.511676217317582,-1.7011884701251994,0.31642522079998636,-0.04847654666379694,0.32011700350772904,0.014275809051468968,-0.03179277712479234,0.03485081636605837,0.5430482281611105,-0.00523448358486152
66,gm500,312.55,55.95000000000002,3.9495617151260376,5.647329813241955,-1.6977680981159171,0.31834874823511583,-0.09436035676551247,0.33203885681013295,0.01410189364105463,-0.028356926515698433,0.03166983873783284,0.6813760768567463,-0.0061906376659701945
67,gm500,315.35,55.25,4.687622904777527,6.3831393301487,-1.6955164253711734,0.37232647183889145,-0.2561111118382035,0.4519069630344255,0.013522325083613396,-0.023906290996819735,0.027465688137957592,0.8989239562295706,-0.009639981812070824
68,gm500,311.15000000000003,55.95000000000002,3.673753559589386,5.362505897283559,-1.688752337694173,0.31170841067901045,0.0006858599154788322,0.3117091652355739,0.01412403944414109,-0.0350800403393805,0.03781663285423779,0.3714454957742286,-0.003783042916414887
69,gm500,349.65000000000003,59.45000000000002,8.732157230377197,10.413876783847801,-1.6817195534706038,-0.24266830449274937,-0.6587082403254242,0.7019860766981083,0.03435082174837589,-0.0020964713767170906,0.03441473735221712,-0.2878839655022328,0.006009027292939195
70,gm500,330.05,59.45000000000002,6.716574192047119,8.394575536251068,-1.678001344203949,0.2948854059070503,-0.9433357020843832,0.9883519866140816,0.04499787651002407,0.018011742271482944,0.04846887403340108,-0.07769452522915334,0.0032157237270112314
71,gm500,339.85,58.75,8.595776319503784,10.26272373199463,-1.6669474124908454,-0.2555691303961971,-0.34245747901686774,0.4273086768906721,0.05306796822696924,0.0012349709868431091,0.0530823360928752,-0.6165737088863916,0.01208343704469651
72,gm500,331.45000000000005,59.45000000000002,7.052865624427795,8.719158356189734,-1.6662927317619385,0.6011148817689881,-0.94185754053149,1.1173337584357557,0.04780880827456713,0.0059855536092072725,0.04818204022914568,0.4291049886895956,-0.01995930489518953
73,gm500,313.25000000000006,55.95000000000002,4.087972521781921,5.753236860036852,-1.6652643382549304,0.31610115679077594,-0.1357888916132207,0.34403279554428196,0.01377769629471004,-0.025020185858011246,0.028562818760736703,0.7889454480809458,-0.006698254212535068
74,gm500,310.45000000000005,55.95000000000002,3.5387909412384033,5.200367883443844,-1.661576942205441,0.3058016790926897,0.05204686237856109,0.3101991986117328,0.013647893443703651,-0.038008502684533596,0.04038454248559573,0.17524396390906477,-0.0018967611652349159
75,gm500,344.75000000000006,58.75,8.860799551010132,10.516802668571472,-1.6560031175613403,0.33052672266248306,-0.27195477070636126,0.4280272324326473,0.04208095232024789,-0.010280449641868472,0.04331852020808155,0.9009352474267542,-0.01443285784688289
76,gm500,301.35,56.650000000000006,0.8203208744525909,2.4759757244587037,-1.6556548500061128,1.228270828731307,0.10236609520449123,1.2325291258869735,-0.0058238746132701635,-0.04967866372317076,0.05001886788833765,-0.1985200873933835,0.010574242085940393
77,gm500,344.05,58.05000000000001,9.047619104385376,10.695744504928584,-1.6481254005432078,0.295000447329712,-0.4969385707884756,0.5779041504107951,0.0462742792442441,-0.022632804233580828,0.0515126464768592,0.8363645125063396,-0.021511912146350138
78,gm500,309.75000000000006,55.25,3.331182301044464,4.971081972122214,-1.6398996710777496,0.36985336371417243,0.08710486016842783,0.37997206123036115,0.014868229161947966,-0.04533789213746786,0.047713611285259784,0.08548966118749293,-0.001339125534478833
79,gm500,350.35,58.75,9.041109800338745,10.668368256092071,-1.627258455753326,-0.24651967400854174,-0.49703750798613067,0.554813693070332,0.03890965227037668,-0.010157063603401184,0.04021351738961871,-0.20364623530658504,0.003925629974811879
80,gm500,313.95000000000005,55.95000000000002,4.225087404251099,5.84373464822769,-1.618647243976591,0.31619825974352517,-0.17201832267021608,0.35996061284411157,0.013155807740986347,-0.021675271913409233,0.02535532862808178,0.8642989912693797,-0.006815566740544515
81,gm500,316.75000000000006,59.45000000000002,3.3482194542884827,4.964439965784541,-1.6162205114960582,0.7336109612762151,-0.5639651528216141,0.9253333108138487,-0.01182779367081821,0.007616367656737566,0.01406789818707988,-0.9965331446477765,0.011208123389465235
82,gm500,351.05,58.05000000000001,9.28883957862854,10.901815469264982,-1.6129758906364415,-0.24700290375672437,-0.4464464467411785,0.510220407541758,0.035923768766224384,-0.02557509345933795,0.04409764809854409,0.11309727508002808,-0.002198564122336509
83,gm500,301.35,58.75,1.4516605138778687,3.062319654226315,-1.6106591403484463,1.582895979860187,0.4267102945074557,1.6394027444457266,-0.04214833956211805,-0.053672689478844404,0.06824397499952696,-0.8010335995879191,0.07743092519679867
84,gm500,329.35,59.45000000000002,6.615912199020386,8.225715537071231,-1.6098033380508454,0.2567181501175056,-0.898934418411928,0.9348728775642949,0.043222980573773384,0.015251189121045172,0.04583475558227269,-0.06099685754148425,0.002258232658980263
85,gm500,309.75000000000006,55.95000000000002,3.407205283641815,5.015620714426056,-1.608415430784241,0.29348793056630607,0.1025134863586606,0.31087647108377336,0.012891531456261873,-0.04071058705449104,0.042702968065569905,-0.02936836919339733,0.000336852277978951
86,gm500,358.75000000000006,58.75,8.290452003479004,9.897333681583405,-1.6068816781044006,0.43730192371680127,-0.015850933662102985,0.43758910473682444,0.02305891626747325,-0.020316929621913005,0.03073257634322428,0.7737629835967625,-0.008990568644755899
87,gm500,348.95000000000005,59.45000000000002,8.802132844924927,10.408385679721828,-1.6062528347969014,-0.14252296701881473,-0.5764212847449789,0.5937796675829329,0.03383843367919326,-0.0007538460195064545,0.033846829654818285,-0.21834597023140406,0.0037914230098058783
88,gm500,316.05,55.25,4.853723645210266,6.457042491436006,-1.60331884622574,0.38021499957701516,-0.28762260929137945,0.47674963165054585,0.013103631092235446,-0.021495789755135775,0.025174870903311494,0.9302424180694014,-0.009646449605288107
89,gm500,358.75000000000006,59.45000000000002,8.325256824493408,9.926592195034027,-1.6013353705406193,0.3203090006518924,-0.14415609159030462,0.35125323434981537,0.019718335825018585,-0.017414324916899204,0.026307251472161584,0.9551793317556808,-0.007625959021728538
90,gm500,339.85,58.05000000000001,8.877116203308105,10.47162019729614,-1.5945039939880346,-0.13861525731785745,-0.4298539435573319,0.45165097404199817,0.05340002104640007,-0.011674680514261127,0.05466132465341504,-0.09655158770006372,0.0020594737721940453
91,gm500,313.25000000000006,58.75,3.0482659935951233,4.638984292745591,-1.5907182991504678,0.02163848336741563,-0.8562457743877377,0.8565191475497198,-0.0007066922844387591,-0.0014558032853528857,0.0016182636344333787,0.8882886843686328,-0.0010637858841239392
92,gm500,311.85,59.45000000000002,2.5912373661994934,4.178041706085203,-1.5868043398857097,-0.5091887145314321,-0.6842750058968899,0.852939288989176,-0.004799755290150642,-0.008508148312103003,0.009768635449543107,0.9920597585930763,-0.0071417328157668755
93,gm500,341.95000000000005,57.35000000000002,9.233412504196167,10.815727584362024,-1.5823150801658574,0.09512253108789773,-0.5763520593373317,0.5841489469501345,0.05154213588684797,-0.03670143848285079,0.06327390740651934,0.7049456371827019,-0.02251218361547531
94,gm500,352.45000000000005,57.35000000000002,9.483023881912231,11.058571050167084,-1.575547168254852,-0.04613293580126196,-0.41218323933402323,0.41475688126121796,0.034785667434334755,-0.03704049135558307,0.050813784140872266,0.6482783899948844,-0.011804576904791338
95,gm500,345.45000000000005,58.75,8.977896928787231,10.551585507392886,-1.5736885786056547,0.23385433200329592,-0.262264438864196,0.3513836713472317,0.041558386757969856,-0.009364025201648474,0.04260028729835178,0.813309018958178,-0.010518733085276321
96,gm500,300.65000000000003,59.45000000000002,1.1915038228034973,2.758763974905034,-1.5672601521015368,1.6680051379356946,0.6825260784277746,1.8022438758153325,-0.04444226901978254,-0.055539092514663935,0.07113161092636046,-0.8739458814625181,0.09679980563711012
97,gm500,341.25000000000006,57.35000000000002,9.214412212371826,10.778469359874718,-1.5640571475028917,-0.0005263089223773286,-0.5667680160635452,0.5667682604325059,0.05191587843000889,-0.03653614909853786,0.06348345157684836,0.5747627551658415,-0.0178676901640651
98,gm500,344.75000000000006,59.45000000000002,8.746087789535522,10.30756590366363,-1.561478114128107,0.37432026033192095,-0.25656253194669987,0.4538061150908595,0.03707460127770901,-0.0004317527636885643,0.03707711518376335,0.8313737252470997,-0.012086103730349773
99,gm500,344.75000000000006,58.05000000000001,9.169447660446167,10.730377531051632,-1.5609298706054648,0.2710685309391092,-0.4667570588220451,0.5397594838682251,0.045559287536889315,-0.021412835689261556,0.050340423251342165,0.8223358931146404,-0.019305459086932653
100,gm500,314.65000000000003,55.95000000000002,4.3635828495025635,5.9227546310424755,-1.559171781539912,0.32071272645803267,-0.2023115601562896,0.37919206252902615,0.012592881685122848,-0.01861514407210052,0.022474524643706296,0.9158188791263362,-0.006743309407741384
