run,group,depth_bin,term,mean_k_per_day,rms_k_per_day
gm0,near_wall_all,surface_node,advection,-0.03767282616877239,0.1039622857378171
gm0,near_wall_all,surface_node,horizontal_diffusion,-5.528415042230048e-05,0.00024406681365073422
gm0,near_wall_all,surface_node,vertical_diffusion,-0.0005927664656561304,0.0018295935448230016
gm0,near_wall_all,surface_node,convection,0.4551386310005436,0.7642420701452581
gm0,near_wall_all,surface_node,gm_bolus,0.0,0.0
gm0,near_wall_all,surface_node,redi,0.0,0.0
gm0,near_wall_all,surface_node,surface_bulk_flux,0.13429844050505332,0.20955128050271082
gm0,near_wall_all,surface_0_50m,advection,-0.007329124442432428,0.05719808533577401
gm0,near_wall_all,surface_0_50m,horizontal_diffusion,-9.435733144402783e-05,0.0002551760538968827
gm0,near_wall_all,surface_0_50m,vertical_diffusion,-8.226518011043355e-05,0.0008503645544015943
gm0,near_wall_all,surface_0_50m,convection,0.07096630779522854,0.34607441042533343
gm0,near_wall_all,surface_0_50m,gm_bolus,0.0,0.0
gm0,near_wall_all,surface_0_50m,redi,0.0,0.0
gm0,near_wall_all,upper_50_200m,advection,-0.0002959880449679611,0.02103577066063846
gm0,near_wall_all,upper_50_200m,horizontal_diffusion,-9.356835084301452e-05,0.00020926004373993557
gm0,near_wall_all,upper_50_200m,vertical_diffusion,-1.2446763036199127e-06,4.508079674135724e-06
gm0,near_wall_all,upper_50_200m,convection,-0.006263771000214396,0.015970408060408718
gm0,near_wall_all,upper_50_200m,gm_bolus,0.0,0.0
gm0,near_wall_all,upper_50_200m,redi,0.0,0.0
gm0,near_wall_all,intermediate_200_1000m,advection,-0.000457299735228319,0.00879585906940423
gm0,near_wall_all,intermediate_200_1000m,horizontal_diffusion,-2.780799193979297e-05,0.00011797635088388127
gm0,near_wall_all,intermediate_200_1000m,vertical_diffusion,1.8863598239843057e-07,5.08995778851493e-07
gm0,near_wall_all,intermediate_200_1000m,convection,-0.00028645753063535873,0.0014319865320906817
gm0,near_wall_all,intermediate_200_1000m,gm_bolus,0.0,0.0
gm0,near_wall_all,intermediate_200_1000m,redi,0.0,0.0
gm0,cold_lt_minus1,surface_node,advection,-0.04931671887791824,0.13189096038548875
gm0,cold_lt_minus1,surface_node,horizontal_diffusion,-3.157001208576825e-05,0.0002831248919145002
gm0,cold_lt_minus1,surface_node,vertical_diffusion,-0.0009419959123652999,0.002370599964531378
gm0,cold_lt_minus1,surface_node,convection,0.3695184037643402,0.7797839424489464
gm0,cold_lt_minus1,surface_node,gm_bolus,0.0,0.0
gm0,cold_lt_minus1,surface_node,redi,0.0,0.0
gm0,cold_lt_minus1,surface_node,surface_bulk_flux,0.15467795288947817,0.24023656324098405
gm0,cold_lt_minus1,surface_0_50m,advection,-0.011914546886121105,0.07287371776738517
gm0,cold_lt_minus1,surface_0_50m,horizontal_diffusion,-9.1660194530771e-05,0.00029940005008680424
gm0,cold_lt_minus1,surface_0_50m,vertical_diffusion,-0.0001341504914621395,0.0011019560325618663
gm0,cold_lt_minus1,surface_0_50m,convection,0.057211223850236616,0.35380936441827077
gm0,cold_lt_minus1,surface_0_50m,gm_bolus,0.0,0.0
gm0,cold_lt_minus1,surface_0_50m,redi,0.0,0.0
gm0,cold_lt_minus1,upper_50_200m,advection,-0.002883414869785471,0.02689194822487793
gm0,cold_lt_minus1,upper_50_200m,horizontal_diffusion,-7.580994847584975e-05,0.0002414982533050464
gm0,cold_lt_minus1,upper_50_200m,vertical_diffusion,2.855106547672875e-07,3.481946785657634e-06
gm0,cold_lt_minus1,upper_50_200m,convection,-0.003907679139835206,0.011752181686486663
gm0,cold_lt_minus1,upper_50_200m,gm_bolus,0.0,0.0
gm0,cold_lt_minus1,upper_50_200m,redi,0.0,0.0
gm0,cold_lt_minus1,intermediate_200_1000m,advection,-0.0018247795537681697,0.010315483198365836
gm0,cold_lt_minus1,intermediate_200_1000m,horizontal_diffusion,-1.6420189763782628e-05,0.00014097601964707313
gm0,cold_lt_minus1,intermediate_200_1000m,vertical_diffusion,-4.656280791140397e-09,3.993588314618883e-07
gm0,cold_lt_minus1,intermediate_200_1000m,convection,-0.0004626386346186822,0.0018253560137334514
gm0,cold_lt_minus1,intermediate_200_1000m,gm_bolus,0.0,0.0
gm0,cold_lt_minus1,intermediate_200_1000m,redi,0.0,0.0
gm0,coldest_cells,surface_node,advection,-0.05778331722644794,0.17034620458720026
gm0,coldest_cells,surface_node,horizontal_diffusion,9.999091684771697e-05,0.0003374325172164819
gm0,coldest_cells,surface_node,vertical_diffusion,-0.001109158916392921,0.0027970243045315674
gm0,coldest_cells,surface_node,convection,0.6123858210803306,1.0898937405176665
gm0,coldest_cells,surface_node,gm_bolus,0.0,0.0
gm0,coldest_cells,surface_node,redi,0.0,0.0
gm0,coldest_cells,surface_node,surface_bulk_flux,0.09614809328921278,0.2619668491975445
gm0,coldest_cells,surface_0_50m,advection,-0.01943147708333184,0.09758991210123036
gm0,coldest_cells,surface_0_50m,horizontal_diffusion,8.523866150725701e-06,0.0003522089806172364
gm0,coldest_cells,surface_0_50m,vertical_diffusion,-0.00015901130996450103,0.0013001924421426584
gm0,coldest_cells,surface_0_50m,convection,0.09774322709539332,0.494048141037534
gm0,coldest_cells,surface_0_50m,gm_bolus,0.0,0.0
gm0,coldest_cells,surface_0_50m,redi,0.0,0.0
gm0,coldest_cells,upper_50_200m,advection,-0.006457776829651978,0.03461821266939414
gm0,coldest_cells,upper_50_200m,horizontal_diffusion,2.242159317928112e-05,0.000293808879151515
gm0,coldest_cells,upper_50_200m,vertical_diffusion,8.226741020958465e-07,3.931518281689475e-06
gm0,coldest_cells,upper_50_200m,convection,-0.005555014017212917,0.014071221735667397
gm0,coldest_cells,upper_50_200m,gm_bolus,0.0,0.0
gm0,coldest_cells,upper_50_200m,redi,0.0,0.0
gm0,coldest_cells,intermediate_200_1000m,advection,-0.003756322026020312,0.012604470339140946
gm0,coldest_cells,intermediate_200_1000m,horizontal_diffusion,6.681235584897844e-05,0.00017809765362799968
gm0,coldest_cells,intermediate_200_1000m,vertical_diffusion,-1.2634147725215664e-07,5.036769967302438e-07
gm0,coldest_cells,intermediate_200_1000m,convection,-0.0011453892413441386,0.0028450094545670124
gm0,coldest_cells,intermediate_200_1000m,gm_bolus,0.0,0.0
gm0,coldest_cells,intermediate_200_1000m,redi,0.0,0.0
gm500,near_wall_all,surface_node,advection,-0.07520907469679164,0.1774465435489917
gm500,near_wall_all,surface_node,horizontal_diffusion,-5.326192323640615e-05,0.00023104025559911144
gm500,near_wall_all,surface_node,vertical_diffusion,-0.0010904180995701342,0.002820455188785594
gm500,near_wall_all,surface_node,convection,0.2805648189986317,0.5463843330697093
gm500,near_wall_all,surface_node,gm_bolus,0.0551974206403665,0.13475817210104982
gm500,near_wall_all,surface_node,redi,0.0,0.0
gm500,near_wall_all,surface_node,surface_bulk_flux,0.15622803318010944,0.268468732283327
gm500,near_wall_all,surface_0_50m,advection,-0.012295770288882157,0.08719901257950616
gm500,near_wall_all,surface_0_50m,horizontal_diffusion,-7.73055759373283e-05,0.0002254960669033237
gm500,near_wall_all,surface_0_50m,vertical_diffusion,-0.0001467483968608466,0.00131819636476044
gm500,near_wall_all,surface_0_50m,convection,0.03917292303816548,0.2523889321754859
gm500,near_wall_all,surface_0_50m,gm_bolus,0.006560408683917761,0.06362415244318384
gm500,near_wall_all,surface_0_50m,redi,0.0,0.0
gm500,near_wall_all,upper_50_200m,advection,0.0007472284350104882,0.01632816764756627
gm500,near_wall_all,upper_50_200m,horizontal_diffusion,-8.4218641010121e-05,0.00018252182642269766
gm500,near_wall_all,upper_50_200m,vertical_diffusion,-1.7868089076983359e-06,5.9124509692788475e-06
gm500,near_wall_all,upper_50_200m,convection,-0.0032519407635192453,0.012317328144436788
gm500,near_wall_all,upper_50_200m,gm_bolus,-0.0018406886633124274,0.006367008645720187
gm500,near_wall_all,upper_50_200m,redi,0.0,0.0
gm500,near_wall_all,intermediate_200_1000m,advection,-0.00031364471914992534,0.007487203457018812
gm500,near_wall_all,intermediate_200_1000m,horizontal_diffusion,-3.0511251377431315e-05,0.000125221016894039
gm500,near_wall_all,intermediate_200_1000m,vertical_diffusion,1.659785928296318e-07,5.098630304369915e-07
gm500,near_wall_all,intermediate_200_1000m,convection,-0.00015507553926712907,0.0008414834039329014
gm500,near_wall_all,intermediate_200_1000m,gm_bolus,-4.0153271580489996e-05,0.0017428216059791404
gm500,near_wall_all,intermediate_200_1000m,redi,0.0,0.0
gm500,cold_lt_minus1,surface_node,advection,-0.11093483989432888,0.22116295583586296
gm500,cold_lt_minus1,surface_node,horizontal_diffusion,-3.935046101140346e-05,0.0002660432071004396
gm500,cold_lt_minus1,surface_node,vertical_diffusion,-0.0016932087736900672,0.0035166130673648277
gm500,cold_lt_minus1,surface_node,convection,0.17641071333040673,0.47933311812471346
gm500,cold_lt_minus1,surface_node,gm_bolus,0.04897603331599416,0.1458679392767945
gm500,cold_lt_minus1,surface_node,redi,0.0,0.0
gm500,cold_lt_minus1,surface_node,surface_bulk_flux,0.20221328322235155,0.31639505245109617
gm500,cold_lt_minus1,surface_0_50m,advection,-0.02078884172331032,0.10863885283342233
gm500,cold_lt_minus1,surface_0_50m,horizontal_diffusion,-7.50236979107935e-05,0.00025982595471792585
gm500,cold_lt_minus1,surface_0_50m,vertical_diffusion,-0.0002300575960929041,0.00164335631940133
gm500,cold_lt_minus1,surface_0_50m,convection,0.02495152479939897,0.2207747752557265
gm500,cold_lt_minus1,surface_0_50m,gm_bolus,0.003376320379062018,0.06842729939405852
gm500,cold_lt_minus1,surface_0_50m,redi,0.0,0.0
gm500,cold_lt_minus1,upper_50_200m,advection,-0.0017575854445764484,0.019504163399901495
gm500,cold_lt_minus1,upper_50_200m,horizontal_diffusion,-8.067732346428722e-05,0.00020869667007538358
gm500,cold_lt_minus1,upper_50_200m,vertical_diffusion,-1.3237795178663138e-06,6.11079355647899e-06
gm500,cold_lt_minus1,upper_50_200m,convection,-0.0018460485632989026,0.008618990091390633
gm500,cold_lt_minus1,upper_50_200m,gm_bolus,-0.0012799141292797616,0.006247444033153019
gm500,cold_lt_minus1,upper_50_200m,redi,0.0,0.0
gm500,cold_lt_minus1,intermediate_200_1000m,advection,-0.0015396236458566095,0.008674035155173773
gm500,cold_lt_minus1,intermediate_200_1000m,horizontal_diffusion,-3.0155502029516593e-05,0.00014546584304330347
gm500,cold_lt_minus1,intermediate_200_1000m,vertical_diffusion,1.2735516077125994e-07,3.5809405368736934e-07
gm500,cold_lt_minus1,intermediate_200_1000m,convection,-0.00018070534663236273,0.0009128428175549303
gm500,cold_lt_minus1,intermediate_200_1000m,gm_bolus,-8.583822216347356e-05,0.002046232819502703
gm500,cold_lt_minus1,intermediate_200_1000m,redi,0.0,0.0
gm500,coldest_cells,surface_node,advection,-0.18716656040058913,0.3082577187125666
gm500,coldest_cells,surface_node,horizontal_diffusion,8.572043931250193e-05,0.0003357028013720511
gm500,coldest_cells,surface_node,vertical_diffusion,-0.0029521675684418057,0.005105873916864989
gm500,coldest_cells,surface_node,convection,0.2505381752233333,0.6340639646438988
gm500,coldest_cells,surface_node,gm_bolus,0.042194754186925705,0.17060894660072126
gm500,coldest_cells,surface_node,redi,0.0,0.0
gm500,coldest_cells,surface_node,surface_bulk_flux,0.22205719224124337,0.3907604865982209
gm500,coldest_cells,surface_0_50m,advection,-0.03792550393184677,0.15702986834874766
gm500,coldest_cells,surface_0_50m,horizontal_diffusion,-2.132485813837244e-05,0.0003622768805671221
gm500,coldest_cells,surface_0_50m,vertical_diffusion,-0.0004015649410882217,0.002387272125483306
gm500,coldest_cells,surface_0_50m,convection,0.03757657088740146,0.2908637435452461
gm500,coldest_cells,surface_0_50m,gm_bolus,0.0013295178332765627,0.07993734509707077
gm500,coldest_cells,surface_0_50m,redi,0.0,0.0
gm500,coldest_cells,upper_50_200m,advection,-0.004580059150117065,0.030535176120478093
gm500,coldest_cells,upper_50_200m,horizontal_diffusion,-5.922039301938328e-05,0.00029041475969502164
gm500,coldest_cells,upper_50_200m,vertical_diffusion,-1.1028405914711157e-06,6.320914362365163e-06
gm500,coldest_cells,upper_50_200m,convection,-0.002324953056777163,0.010241799834379131
gm500,coldest_cells,upper_50_200m,gm_bolus,-0.002227391305297505,0.00793476844822621
gm500,coldest_cells,upper_50_200m,redi,0.0,0.0
gm500,coldest_cells,intermediate_200_1000m,advection,-0.003417087447169787,0.012301183259239538
gm500,coldest_cells,intermediate_200_1000m,horizontal_diffusion,4.968178462140187e-06,0.0001861239475233752
gm500,coldest_cells,intermediate_200_1000m,vertical_diffusion,8.550881694809784e-08,4.159587144785965e-07
gm500,coldest_cells,intermediate_200_1000m,convection,-0.0004241939905067418,0.001540864919493382
gm500,coldest_cells,intermediate_200_1000m,gm_bolus,2.6007364398387052e-05,0.0026870776382585467
gm500,coldest_cells,intermediate_200_1000m,redi,0.0,0.0
