run,rank,lon_e,lat_n,raw_error_c,sst_c,woa_c,mean_speed_m_s,land_distance_cells,surface_convection_k_per_day,upper_50_200m_convection_k_per_day,surface_bulk_flux_k_per_day,zonal_index,meridional_index
gm0,1,300.65000000000003,58.05000000000001,-2.884583803117295,-0.32238388806581497,2.56219991505148,0.054564554722213755,3.0,0.3178474978767554,-0.012339310958608962,-0.2832085672410821,429,175
gm0,2,300.65000000000003,58.75,-2.87838930711152,-0.19162138924002647,2.6867679178714936,0.0642831662691395,3.0,0.31578475505284587,-0.011142517622175774,-0.315131345312526,429,176
gm0,3,300.65000000000003,57.35000000000002,-2.624906794130823,-0.21683115512132645,2.4080756390094966,0.05038343975916647,2.0,0.3808815976572078,-0.02110715774161775,-0.33022188533934005,429,174
gm0,4,301.35,58.05000000000001,-2.572341399788871,0.35078272223472595,2.923124122023597,0.05593334462626342,3.0,0.26245785352784884,-0.011548490903967588,-0.1828705447904269,430,175
gm0,5,301.35,58.75,-2.5219019159674763,0.5404177382588387,3.062319654226315,0.06414936547718232,4.0,0.26785273689029054,-0.010833301663737416,-0.2393574460702546,430,176
gm0,6,300.65000000000003,59.45000000000002,-2.4611254319548808,0.29763854295015335,2.758763974905034,0.06915220294715028,4.0,0.3918152188362001,-0.020142959335700535,-0.46811083725626523,429,177
gm0,7,301.35,57.35000000000002,-2.3640402397513576,0.36693913489580154,2.730979374647159,0.04675731125105622,3.0,0.3096393567966515,-0.018499753626599613,-0.22561871145908421,430,174
gm0,8,313.25000000000006,59.45000000000002,-2.3627286970615335,2.014530897140503,4.3772595942020365,0.00606412287268368,2.0,0.30070738566337235,-0.017543659139818146,-0.17486472520686847,447,177
gm0,9,313.95000000000005,59.45000000000002,-2.340438790321338,1.9921144545078278,4.332553244829166,0.0072234220411679755,2.0,0.30262857926118164,-0.01610516246444149,-0.17105236768585028,448,177
gm0,10,302.05,58.05000000000001,-2.2448385548591694,1.0113765001296997,3.256215054988869,0.05415134970590521,4.0,0.21630347409654857,-0.010821046952891322,-0.10713211265040466,431,175
gm0,11,315.35,59.45000000000002,-2.2319522225856847,2.43248051404953,4.664432736635215,0.009763621508889613,1.0,0.27471325020997023,-0.011215974858469481,-0.25112687549270474,450,177
gm0,12,314.65000000000003,59.45000000000002,-2.22636988520623,2.113197922706604,4.339567807912834,0.008148440362175156,1.0,0.2986008011475861,-0.014163065474015468,-0.21572094196338523,449,177
gm0,13,354.55,58.75,-2.223643064498914,8.192888259887695,10.41653132438661,0.03364164813651269,1.0,0.0,0.0,0.33981477166399704,506,176
gm0,14,300.65000000000003,56.650000000000006,-2.209869876448077,0.04279948538169265,2.2526693618297697,0.048431449893353025,2.0,0.45774767853799864,-0.030748356884657824,-0.4292898736094028,429,173
gm0,15,312.55,59.45000000000002,-2.209563940763468,2.1494640111923218,4.35902795195579,0.007571692974844442,2.0,0.28946862258862893,-0.01858706920216946,-0.1411665364861386,446,177
gm0,16,302.05,58.75,-2.155499526858335,1.246935397386551,3.402434924244886,0.0718413215115835,4.0,0.22834986137240773,-0.010735516334303696,-0.17996548730571785,431,176
gm0,17,355.25000000000006,58.75,-2.1535563468933105,8.083544969558716,10.237101316452026,0.031965137753363175,1.0,0.0,0.0,0.3383732536631563,507,176
gm0,18,301.35,59.45000000000002,-2.1284594386816167,1.0086051672697067,3.1370646059513234,0.07064385134291142,4.0,0.3436137104336013,-0.01835811205612714,-0.39194008119941637,430,177
gm0,19,316.05,59.45000000000002,-2.127664938271047,2.7507128715515137,4.8783778098225605,0.010415107463133769,1.0,0.25363169512274913,-0.010573508157829536,-0.20995448542122758,451,177
gm0,20,353.85,58.75,-2.1098261773586255,8.358301401138306,10.468127578496931,0.034635840466296586,1.0,0.0,0.005394413108206209,0.3203427205035176,505,176
gm0,21,353.85,59.45000000000002,-2.1058751356601633,8.143323183059692,10.249198318719856,0.029124350192902514,2.0,0.0,0.0,0.36747853380303885,505,177
gm0,22,354.55,59.45000000000002,-2.103930492401119,8.051462411880493,10.155392904281612,0.02913256468236138,2.0,0.0,0.0,0.37874470876641353,506,177
gm0,23,355.25000000000006,59.45000000000002,-2.093061447143551,8.023583173751831,10.116644620895382,0.02802649990177996,2.0,0.0,0.0,0.38340016709125363,507,177
gm0,24,302.05,57.35000000000002,-2.09175827980043,0.9505321979522705,3.0422904777527005,0.0481181754809841,3.0,0.2516748585867389,-0.01583592008245205,-0.1407179714388983,431,174
gm0,25,355.95000000000005,58.75,-2.06384578943252,8.045422315597534,10.109268105030054,0.031818639768257675,1.0,0.0,0.0,0.31287009831080215,508,176
gm0,26,353.15000000000003,59.45000000000002,-2.0314326488971552,8.297663927078247,10.329096575975402,0.03032545596408828,2.0,0.0,0.0,0.34010546192288893,504,177
gm0,27,353.15000000000003,58.75,-2.0207433402538015,8.585006713867188,10.605750054120989,0.03727464954341341,1.0,0.0,0.0,0.27950647152181846,504,176
gm0,28,355.95000000000005,59.45000000000002,-2.0117464709281876,8.0581693649292,10.069915835857387,0.028395360664968283,2.0,0.0,0.0,0.366951903466669,508,177
gm0,29,301.35,56.650000000000006,-1.9548710012436006,0.5211047232151031,2.4759757244587037,0.048534581438674035,2.0,0.38169453511727625,-0.027188011956980063,-0.3149927846798534,430,173
gm0,30,302.75000000000006,58.05000000000001,-1.9518951952457684,1.6125399768352509,3.5644351720810192,0.06103237332016487,4.0,0.18345615478210675,-0.010114419023921073,-0.0978571960991968,432,175
gm0,31,352.45000000000005,58.75,-1.949166619777687,8.866336584091187,10.815503203868873,0.0361578343613369,1.0,0.0,0.0,0.22182205057580517,503,176
gm0,32,356.65000000000003,58.75,-1.9316835165023747,8.089052438735962,10.020735955238337,0.03079196453019436,1.0,0.0,0.0,0.3219919126530133,509,176
gm0,33,352.45000000000005,59.45000000000002,-1.8930435299873256,8.492979049682617,10.386022579669943,0.03100393748959791,2.0,0.0,0.0,0.3007703422060432,503,177
gm0,34,316.75000000000006,59.45000000000002,-1.8880214467644603,3.0764185190200806,4.964439965784541,0.014635005182589138,1.0,0.22814752472640973,-0.015207174193498929,-0.17130691964459563,452,177
gm0,35,356.65000000000003,59.45000000000002,-1.8751280577977436,8.145314455032349,10.020442512830092,0.027450293343302845,2.0,0.0,0.0,0.3631000377514177,509,177
gm0,36,302.75000000000006,57.35000000000002,-1.8489519238472312,1.4857758581638336,3.334727782011065,0.04659521144430466,4.0,0.2041302160341729,-0.013243907743287764,-0.09876948660317875,432,174
gm0,37,302.75000000000006,58.75,-1.8291221261024693,1.883424162864685,3.7125462889671543,0.0687840055083894,5.0,0.21016049740410386,-0.011140100518858276,-0.17192734915506622,432,176
gm0,38,313.25000000000006,58.75,-1.8200090825557718,2.8189752101898193,4.638984292745591,0.0036766618639197204,3.0,0.06691631376497753,0.0010121546736741047,0.08560173067335623,447,176
gm0,39,300.65000000000003,55.95000000000002,-1.8147661556800219,0.366634264588356,2.181400420268378,0.04986036217521958,1.0,0.5186522614803836,-0.03856392284546928,-0.5280793029201586,429,172
gm0,40,311.85,59.45000000000002,-1.8097922897338847,2.3682494163513184,4.178041706085203,0.010202208278195906,2.0,0.2746224478619297,-0.019216664189514177,-0.11937930507559284,445,177
gm0,41,313.95000000000005,58.75,-1.7934707224369033,2.8400734066963196,4.633544129133223,0.0037234148600289313,2.0,0.07264803089725547,0.001973273069744153,0.08484592445569443,448,176
gm0,42,302.05,59.45000000000002,-1.786111233830459,1.6845313012599945,3.4706425350904535,0.07576254072799042,5.0,0.30061823086271044,-0.01704723097404326,-0.3242273072661824,431,177
gm0,43,357.35,58.75,-1.7733710050582872,8.197832107543945,9.971203112602232,0.03059192788986633,1.0,0.0,0.0,0.35578682578074317,510,176
gm0,44,312.55,58.75,-1.755596786737442,2.865689754486084,4.621286541223526,0.006786095984955335,3.0,0.06177200365300451,-3.363089486896315e-05,0.10428555894992142,446,176
gm0,45,302.05,56.650000000000006,-1.7274413955211712,1.011587768793106,2.7390291643142772,0.04379762903562781,3.0,0.31031099182200705,-0.0229777440978296,-0.21548726648049554,431,173
gm0,46,351.75000000000006,59.45000000000002,-1.7176338076591406,8.662525653839111,10.380159461498252,0.02944217758576388,2.0,0.0,0.0,0.29459401738261726,502,177
gm0,47,357.35,59.45000000000002,-1.7163663911819445,8.260796070098877,9.977162461280821,0.02750010161051514,2.0,0.0,0.0,0.37243970388553527,510,177
gm0,48,314.65000000000003,58.75,-1.715650576353081,2.9379114508628845,4.6535620272159655,0.0048377864657656155,2.0,0.07841414238441756,6.937339902535195e-05,0.05816383508503624,449,176
gm0,49,303.45000000000005,58.05000000000001,-1.7065510201454375,2.1350004076957703,3.8415514278412077,0.05799068466297665,5.0,0.16314200604711004,-0.009725423845452498,-0.061992736907620985,433,175
gm0,50,341.95000000000005,59.45000000000002,-1.7036171746253945,8.478602647781372,10.182219822406767,0.03908261606448452,6.0,0.0,0.0,0.38960206902191924,488,177
gm0,51,315.35,58.75,-1.7019088685512598,3.1121500730514526,4.814058941602712,0.007284248069672856,2.0,0.07149452986368486,0.00043183960887205303,0.04927511234548396,450,176
gm0,52,342.65000000000003,59.45000000000002,-1.66650499820709,8.551266193389893,10.217771191596983,0.03803620831833459,6.0,0.0,0.0,0.37646077443929976,489,177
gm0,53,341.25000000000006,59.45000000000002,-1.6626410841941777,8.481399297714233,10.144040381908411,0.04052475335072748,6.0,0.0,0.0,0.37724940634455373,487,177
gm0,54,312.55,55.25,-1.6607043385505706,4.214623212814331,5.875327551364902,0.041433802299486115,7.0,-0.007615721669935736,0.0,0.24059219187487926,446,171
gm0,55,311.85,55.25,-1.6521603584289615,4.027233779430389,5.679394137859351,0.044431441377761484,7.0,-0.009777556638255192,0.0,0.23893873240635946,445,171
gm0,56,313.25000000000006,55.25,-1.6492087244987612,4.382463693618774,6.031672418117536,0.038206202441677654,7.0,-0.009939604651663103,0.0,0.24538750872735818,447,171
gm0,57,351.75000000000006,58.75,-1.6486161351203918,9.068164348602295,10.716780483722687,0.036778656725883555,2.0,0.0,0.0,0.21188214500826352,502,176
gm0,58,303.45000000000005,57.35000000000002,-1.6467730653286274,1.9521101117134094,3.598883177042037,0.049949948895361196,4.0,0.16254483031616473,-0.010922666668733427,-0.03354020510844014,433,174
gm0,59,311.15000000000003,55.25,-1.6455520629882923,3.819969356060028,5.46552141904832,0.04727072684221906,7.0,-0.0030491176585201174,0.0,0.24174498936728686,444,171
gm0,60,310.45000000000005,55.25,-1.641595816612261,3.5926984548568726,5.234294271469134,0.049717695441809026,7.0,-0.011780503382397002,0.0,0.23778049607882595,443,171
gm0,61,313.95000000000005,55.25,-1.6386690616607744,4.530585527420044,6.169254589080818,0.035042932635400544,7.0,-0.009386442261529735,0.0,0.24091634276203205,448,171
gm0,62,314.65000000000003,55.25,-1.6257036149501847,4.6635743379592896,6.289277952909474,0.0318547004157473,7.0,-0.00791482472777716,0.0,0.2415578145985484,449,171
gm0,63,309.75000000000006,55.25,-1.6158865094185089,3.355195462703705,4.971081972122214,0.05182023771932886,7.0,-0.0178802491609531,0.0,0.2372728781335629,442,171
gm0,64,316.05,58.75,-1.607601504027845,3.333939254283905,4.94154075831175,0.008971802316952012,2.0,0.06790187582637941,-0.005577267837963973,0.0679266319971226,451,176
gm0,65,358.05,58.75,-1.596610438823701,8.335898399353027,9.932508838176728,0.03025091282707909,1.0,0.0,0.0,0.37968735804020054,511,176
gm0,66,310.45000000000005,55.95000000000002,-1.5963407909870266,3.6040270924568176,5.200367883443844,0.04422768972378465,7.0,-0.010088113087931562,0.0,0.224333276935175,443,172
gm0,67,315.35,55.25,-1.5963388264179263,4.786800503730774,6.3831393301487,0.028892189083657607,7.0,-0.005600829363174852,0.0,0.238550812697898,450,171
gm0,68,309.75000000000006,55.95000000000002,-1.5948754012584843,3.420745313167572,5.015620714426056,0.046751604251370836,7.0,-0.015087389396057915,0.0,0.21986093037940552,442,172
gm0,69,351.05,59.45000000000002,-1.5914406847953764,8.801332473754883,10.39277315855026,0.030221810697710405,3.0,0.0,0.0,0.2988030187565555,501,177
gm0,70,311.15000000000003,55.95000000000002,-1.5791776025295308,3.7833282947540283,5.362505897283559,0.041400785269825296,6.0,-0.008896727235878643,0.0,0.23015044719535585,444,172
gm0,71,358.05,59.45000000000002,-1.5760704541206394,8.3711576461792,9.947228100299839,0.0263503354567542,2.0,0.0,0.0,0.3835091568846744,511,177
gm0,72,343.35,59.45000000000002,-1.5713987874984703,8.67907428741455,10.250473074913021,0.03665691198161845,6.0,0.0,0.0,0.3516966769592671,490,177
gm0,73,309.05,55.95000000000002,-1.5692684209346828,3.2441447377204895,4.813413158655172,0.04867596695870585,7.0,-0.00959749113462749,0.0,0.20997194857676654,441,172
gm0,74,311.85,58.75,-1.5674668431282068,2.964267671108246,4.531734514236453,0.010846109504548802,3.0,0.0595204037813346,-0.0011327649114711848,0.11432542668564069,445,176
gm0,75,303.45000000000005,58.75,-1.566577768325823,2.419468939304352,3.986046707630175,0.06808141478789478,5.0,0.1939126593288165,-0.011579575711095911,-0.1299545684395831,433,176
gm0,76,309.05,55.25,-1.563461768627172,3.1249825954437256,4.6884443640708975,0.05341934701386677,7.0,-0.033912462850054226,0.0,0.22703455413768553,441,171
gm0,77,311.85,55.95000000000002,-1.5623716962337504,3.949304521083832,5.511676217317582,0.038176870965419975,6.0,-0.008862669533300505,0.0,0.2295095925594937,445,172
gm0,78,352.45000000000005,58.05000000000001,-1.5601633214950592,9.449331760406494,11.009495081901553,0.04169004657126977,1.0,0.04825392916472992,0.0,0.07250645679984985,503,175
gm0,79,342.65000000000003,58.75,-1.5597372293472347,8.860242128372192,10.419979357719427,0.0443866463662018,7.0,0.0,0.0,0.3176864183296492,489,176
gm0,80,341.95000000000005,58.75,-1.5594887614250208,8.826792240142822,10.386281001567843,0.045334419644335947,7.0,0.0,0.0,0.30178655485861566,488,176
gm0,81,316.05,55.25,-1.5502666592597976,4.9067758321762085,6.457042491436006,0.026184783725039577,7.0,-0.0027534485616342854,0.0,0.2296953461984988,451,171
gm0,82,312.55,55.95000000000002,-1.5467935860156974,4.100536227226257,5.647329813241955,0.03466660289563214,6.0,-0.014672515731035674,0.0,0.23202348462004682,446,172
gm0,83,340.55,59.45000000000002,-1.530148231983178,8.572381019592285,10.102529251575463,0.04161232352385919,6.0,0.0,0.0,0.3630203297457455,486,177
gm0,84,302.75000000000006,56.650000000000006,-1.526368242502234,1.4693740606307983,2.9957423031330324,0.04519701481341221,3.0,0.2469470381629435,-0.018682167224426397,-0.13696729270949234,432,173
gm0,85,313.25000000000006,55.95000000000002,-1.5167755782604235,4.236461281776428,5.753236860036852,0.031197714901181204,6.0,-0.0037227173152132305,0.0,0.23652933125919434,447,172
gm0,86,308.35,55.95000000000002,-1.5122916233539705,3.0816359519958496,4.59392757534982,0.05004429011067296,6.0,-0.0016058874652458155,0.0,0.19167662782722486,440,172
gm0,87,343.35,58.75,-1.512261366844177,8.939693689346313,10.45195505619049,0.04312924173276482,7.0,0.0,0.0,0.3228706561441686,490,176
gm0,88,304.15000000000003,58.05000000000001,-1.5091794806718966,2.5628565549850464,4.072036035656943,0.055823609297440145,5.0,0.14619101480093377,-0.01010157072549589,-0.03448209949036956,434,175
gm0,89,341.25000000000006,58.75,-1.505622684955597,8.844497680664062,10.35012036561966,0.046369544180256426,7.0,0.0,0.0,0.2686040464721604,487,176
gm0,90,309.05,56.650000000000006,-1.5008859968185435,3.391577363014221,4.892463359832765,0.042113157790545315,6.0,-0.0066109406179748476,0.0,0.2038832408310897,441,173
gm0,91,304.15000000000003,57.35000000000002,-1.4973213279247521,2.343466818332672,3.8407881462574243,0.049178764133532685,4.0,0.13597008092119717,-0.009079667293221405,0.0042159659541258,434,174
gm0,92,316.75000000000006,55.25,-1.493063867092137,5.030551791191101,6.523615658283238,0.023740634557126838,7.0,-0.0017825315671515791,0.0,0.21955585025018673,452,171
gm0,93,309.75000000000006,56.650000000000006,-1.490964037179956,3.527582824230194,5.01854686141015,0.0399060813958278,6.0,-0.010903107449848902,0.0,0.2124634917754275,442,173
gm0,94,313.95000000000005,55.95000000000002,-1.4898276591300945,4.353906989097595,5.84373464822769,0.02761835926030825,6.0,-0.01999237159566292,0.0,0.232653381792234,448,172
gm0,95,308.35,56.650000000000006,-1.4883701825141964,3.2631596326828003,4.751529815196997,0.043882891777945826,6.0,-0.004833094876630639,0.0,0.18745488096273333,440,173
gm0,96,350.35,59.45000000000002,-1.4881896853446897,8.92311143875122,10.41130112409591,0.02821852186783215,4.0,0.0,0.0,0.3056878871869646,500,177
gm0,97,302.75000000000006,59.45000000000002,-1.484584224224113,2.2828454971313477,3.7674297213554606,0.07488816744058993,5.0,0.2738105946264113,-0.016347639741098874,-0.29118247702467914,432,177
gm0,98,308.35,55.25,-1.467644086480151,2.9192216992378235,4.3868657857179745,0.05467548887846171,6.0,-0.006157624866318657,0.0,0.20014933827759715,440,171
gm0,99,317.45000000000005,59.45000000000002,-1.4666708049178006,3.4080936312675476,4.874764436185348,0.013537671694152249,1.0,0.21007640698371688,-0.019614093670838884,-0.07969136541234562,453,177
gm0,100,310.45000000000005,56.650000000000006,-1.4632941377163,3.6669822335243225,5.1302763712406225,0.03696915245419999,6.0,-0.002750976473180344,0.0,0.21531710447889277,443,173
gm500,1,354.55,58.75,-2.6473730802536135,7.769158244132996,10.41653132438661,0.03429889549417117,1.0,0.0029165012063003815,0.0,0.482970442463962,506,176
gm500,2,355.25000000000006,58.75,-2.5537309646606445,7.683370351791382,10.237101316452026,0.032478967681000705,1.0,0.0057976949295834865,0.0005463087646262467,0.4735708174740861,507,176
gm500,3,353.85,58.75,-2.5423475205898267,7.9257800579071045,10.468127578496931,0.035381659232328035,1.0,0.0,0.005569624863710487,0.46646850985852334,505,176
gm500,4,353.85,59.45000000000002,-2.4894117128848947,7.759786605834961,10.249198318719856,0.02981975334311397,2.0,0.0,0.0,0.4970549951050255,505,177
gm500,5,354.55,59.45000000000002,-2.472953577041622,7.68243932723999,10.155392904281612,0.029743990776459058,2.0,0.0,0.0,0.5034178384909922,506,177
gm500,6,353.15000000000003,58.75,-2.432074278593035,8.173675775527954,10.605750054120989,0.03817374196282459,1.0,0.0,0.0,0.41847315834916987,504,176
gm500,7,355.25000000000006,59.45000000000002,-2.4314591884613,7.685185432434082,10.116644620895382,0.028516599223277123,2.0,0.0,0.0,0.4977266340734268,507,177
gm500,8,355.95000000000005,58.75,-2.4281677365302983,7.681100368499756,10.109268105030054,0.032266145660381496,1.0,0.0011888044206642692,0.0001934005339876421,0.4359549655252234,508,176
gm500,9,353.15000000000003,59.45000000000002,-2.4043157303333125,7.92478084564209,10.329096575975402,0.03113764051079343,2.0,0.0,0.0,0.4660826777636788,504,177
gm500,10,352.45000000000005,58.75,-2.3227263331413344,8.492776870727539,10.815503203868873,0.03707423927731974,1.0,0.0,0.0,0.34802786409403835,503,176
gm500,11,355.95000000000005,59.45000000000002,-2.3093512701988175,7.760564565658569,10.069915835857387,0.028837138914736774,2.0,0.0,0.0,0.46749662083108534,508,177
gm500,12,356.65000000000003,58.75,-2.2506932973861637,7.770042657852173,10.020735955238337,0.03112335468701232,1.0,0.0008131556586477018,0.0,0.4297682265231316,509,176
gm500,13,352.45000000000005,59.45000000000002,-2.2372281670570278,8.148794412612915,10.386022579669943,0.03191147597404918,2.0,0.0,0.0,0.4170518912272946,503,177
gm500,14,341.95000000000005,59.45000000000002,-2.13218863725662,8.050031185150146,10.182219822406767,0.04179378281027038,6.0,0.0,0.0,0.5343934053387984,488,177
gm500,15,356.65000000000003,59.45000000000002,-2.128459122975661,7.891983389854431,10.020442512830092,0.027787561825126192,2.0,0.0,0.0,0.44868703235084906,509,177
gm500,16,341.25000000000006,59.45000000000002,-2.10436252355575,8.039677858352661,10.144040381908411,0.04330149252440818,6.0,0.0,0.0,0.5264834152827809,487,177
gm500,17,300.65000000000003,57.35000000000002,-2.080815860033056,0.32725977897644043,2.4080756390094966,0.05349678091566267,2.0,0.22823929238100504,-0.014981592265961298,-0.5140410620578387,429,174
gm500,18,300.65000000000003,58.05000000000001,-2.069832893311997,0.4923670217394829,2.56219991505148,0.05963024238440055,3.0,0.15303428452398293,-0.004918168790624122,-0.5584692490229003,429,175
gm500,19,313.25000000000006,59.45000000000002,-2.0639180958270975,2.313341498374939,4.3772595942020365,0.0049720438993486335,2.0,0.23442390198624707,-0.015778791022569297,-0.2758168184534799,447,177
gm500,20,342.65000000000003,59.45000000000002,-2.0513440561294534,8.16642713546753,10.217771191596983,0.04068961841907415,6.0,0.0,0.0,0.506477274188035,489,177
gm500,21,357.35,58.75,-2.044891262054442,7.9263118505477905,9.971203112602232,0.030846370331926526,1.0,0.0006175127187191264,0.0,0.44751897380153705,510,176
gm500,22,351.75000000000006,59.45000000000002,-2.0439673304557715,8.33619213104248,10.380159461498252,0.030326539375574925,2.0,0.0,0.0,0.40484463127236325,502,177
gm500,23,341.95000000000005,58.75,-2.0154538035392786,8.370827198028564,10.386281001567843,0.04789842588956302,7.0,0.0,0.0,0.45583271405963965,488,176
gm500,24,313.95000000000005,59.45000000000002,-2.0147726905345795,2.317780554294586,4.332553244829166,0.00609145615935636,2.0,0.22787819612858587,-0.013742898268986892,-0.28107749509804414,448,177
gm500,25,342.65000000000003,58.75,-1.9866805315017757,8.433298826217651,10.419979357719427,0.046908032001577483,7.0,0.0017229073387170495,0.0,0.46192768645087645,489,176
gm500,26,351.75000000000006,58.75,-1.981762707233429,8.735017776489258,10.716780483722687,0.037692187917311756,2.0,0.0,0.0,0.324434523249884,502,176
gm500,27,341.25000000000006,58.75,-1.9661560654640198,8.38396430015564,10.35012036561966,0.04896131078094443,7.0,0.0,0.0,0.4241936024658169,487,176
gm500,28,300.65000000000003,56.650000000000006,-1.963046377003205,0.2896229848265648,2.2526693618297697,0.05033383523056328,2.0,0.3463710214646198,-0.028391197835908596,-0.5126783103933589,429,173
gm500,29,340.55,59.45000000000002,-1.9475597977638177,8.154969453811646,10.102529251575463,0.04448797642763027,6.0,0.0,0.0,0.5040413348132357,486,177
gm500,30,312.55,59.45000000000002,-1.9459158480167336,2.4131121039390564,4.35902795195579,0.006765143213069384,2.0,0.2286948420282897,-0.018249925884106233,-0.23023910196174496,446,177
gm500,31,357.35,59.45000000000002,-1.9293602514266954,8.047802209854126,9.977162461280821,0.02777612868347101,2.0,0.0,0.0,0.4443989180216963,510,177
gm500,32,300.65000000000003,58.75,-1.92569067776205,0.7610772401094437,2.6867679178714936,0.06786718414515289,3.0,0.1666488600312732,-0.00680455678843117,-0.636997170918056,429,176
gm500,33,352.45000000000005,58.05000000000001,-1.9185374402999908,9.090957641601562,11.009495081901553,0.0424646008053154,1.0,0.0,0.0,0.19358187149165726,503,175
gm500,34,351.05,59.45000000000002,-1.9113259387016264,8.481447219848633,10.39277315855026,0.031289314618228974,3.0,0.0,0.0,0.40687510805710786,501,177
gm500,35,315.35,59.45000000000002,-1.9033099734783239,2.761122763156891,4.664432736635215,0.008795457329027733,1.0,0.19523808218764313,-0.008632193049962211,-0.36215748431181016,450,177
gm500,36,343.35,58.75,-1.8960404157638546,8.555914640426636,10.45195505619049,0.04559569650916769,7.0,0.0010693148510654282,0.0,0.45252903564134894,490,176
gm500,37,343.35,59.45000000000002,-1.8952932882308922,8.355179786682129,10.250473074913021,0.039253022781418664,6.0,0.0,0.0,0.4611232759652058,490,177
gm500,38,314.65000000000003,59.45000000000002,-1.8893550908565597,2.4502127170562744,4.339567807912834,0.00723116120274942,1.0,0.21851679938663437,-0.01180076245556605,-0.3295801852570419,449,177
gm500,39,312.55,55.25,-1.8546287655830413,4.02069878578186,5.875327551364902,0.03832326100376866,7.0,-0.01767249992553843,0.0,0.3061088661819538,446,171
gm500,40,313.25000000000006,55.25,-1.8398650288581972,4.191807389259338,6.031672418117536,0.0354706419413109,7.0,-0.02100025982485931,0.0019306960254539263,0.30980005947433614,447,171
gm500,41,340.55,58.75,-1.837040412425992,8.47333288192749,10.310373294353482,0.04950206134864224,7.0,0.0,0.0,0.39503036346479076,486,176
gm500,42,311.85,55.25,-1.832859051227576,3.846535086631775,5.679394137859351,0.04098296348042631,7.0,-0.01677480791840935,0.0,0.2999871396903921,445,171
gm500,43,358.05,58.75,-1.825492036342622,8.107016801834106,9.932508838176728,0.030411273615626587,1.0,0.000459542399653401,0.0,0.45701418740873184,511,176
gm500,44,341.95000000000005,58.05000000000001,-1.823279771804808,8.773987293243408,10.597267065048216,0.054518968329995296,8.0,0.006290646529123479,0.0,0.354762807279856,488,175
gm500,45,316.05,59.45000000000002,-1.8226338174939167,3.055743992328644,4.8783778098225605,0.00942809062431614,1.0,0.17935084623331937,-0.007376417996418639,-0.31300815895422157,451,177
gm500,46,313.95000000000005,55.25,-1.8106669664383013,4.358587622642517,6.169254589080818,0.03273478845577277,7.0,-0.015544426034352908,0.000977810613278507,0.2990252199223168,448,171
gm500,47,350.35,59.45000000000002,-1.8011844038963254,8.610116720199585,10.41130112409591,0.029232179118877107,4.0,0.0,0.0,0.4114320337546808,500,177
gm500,48,342.65000000000003,58.05000000000001,-1.8009891700744625,8.829596757888794,10.630585927963256,0.053657057319212664,8.0,0.0068550611331374975,0.0,0.3781757286491488,489,175
gm500,49,311.15000000000003,55.25,-1.7924365639686695,3.673084855079651,5.46552141904832,0.04353991747290418,7.0,-0.014621046957472572,0.0006073790142835376,0.29136939284626273,444,171
gm500,50,341.25000000000006,58.05000000000001,-1.7919550418853731,8.769418001174927,10.5613730430603,0.05520600093043524,8.0,0.0,0.0,0.31410614609669374,487,175
gm500,51,300.65000000000003,55.95000000000002,-1.7903217097123476,0.3910787105560303,2.181400420268378,0.049899029568754756,1.0,0.44931568833817437,-0.038631685728773846,-0.5363377715906003,429,172
gm500,52,301.35,57.35000000000002,-1.7804910010099597,0.9504883736371994,2.730979374647159,0.051257111291300984,3.0,0.12069472935706926,-0.00929053594376228,-0.422768735320492,430,174
gm500,53,344.05,58.75,-1.7729052066802957,8.710967063903809,10.483872270584104,0.04461453559866872,7.0,0.0002675013746511468,0.0,0.44235975070735756,491,176
gm500,54,314.65000000000003,55.25,-1.7659309327602433,4.523347020149231,6.289277952909474,0.029986943892533546,7.0,-0.014286491902453237,0.002125401115904424,0.2889331125458149,449,171
gm500,55,351.05,58.75,-1.7641696095466592,8.91167688369751,10.675846493244169,0.0378724662013022,3.0,0.0,0.0,0.32299775856301766,501,176
gm500,56,358.05,59.45000000000002,-1.761175301074985,8.186052799224854,9.947228100299839,0.02655082472336953,2.0,0.0,0.0,0.44604616759626525,511,177
gm500,57,301.35,58.05000000000001,-1.7564820522070077,1.1666420698165894,2.923124122023597,0.06066488734860546,3.0,0.06473560557543223,0.00010113976136594236,-0.4585057083119011,430,175
gm500,58,351.75000000000006,58.05000000000001,-1.7528805971145598,9.180391311645508,10.933271908760068,0.0433675578044047,2.0,0.0,0.0,0.2288253761819284,502,175
gm500,59,343.35,58.05000000000001,-1.7361501026153547,8.926429748535156,10.662579851150511,0.05256922447850858,8.0,0.005698671589016159,0.0,0.3903164937886994,490,175
gm500,60,310.45000000000005,55.25,-1.7340986490249808,3.500195622444153,5.234294271469134,0.045815944365805626,7.0,-0.010291886956110831,0.0016349988499086974,0.26903224727080594,443,171
gm500,61,344.05,59.45000000000002,-1.7129643535613948,8.56645917892456,10.279423532485955,0.038430557902073136,6.0,0.0019223559729653057,0.0,0.4229524906909688,491,177
gm500,62,339.85,59.45000000000002,-1.7119885063171338,8.344002723693848,10.055991230010981,0.051363090284117216,6.0,0.0,0.0,0.45668589329902126,485,177
gm500,63,330.75000000000006,59.45000000000002,-1.7102202057838536,6.849246144294739,8.559466350078592,0.046324176845849094,11.0,0.0,0.0,0.32670688141196413,472,177
gm500,64,340.55,58.05000000000001,-1.708168039321892,8.813326120376587,10.521494159698479,0.05514006641855197,8.0,0.0,0.0,0.28492555534565256,486,175
gm500,65,311.85,55.95000000000002,-1.7011884701251994,3.810487747192383,5.511676217317582,0.03485081636605837,6.0,-0.009630287131585648,0.0012728757312174819,0.27640834328717817,445,172
gm500,66,312.55,55.95000000000002,-1.6977680981159171,3.9495617151260376,5.647329813241955,0.03166983873783284,6.0,-0.01133069624302152,0.0002604926738314361,0.2830296837322575,446,172
gm500,67,315.35,55.25,-1.6955164253711734,4.687622904777527,6.3831393301487,0.027465688137957592,7.0,-0.01732156588595046,-0.0003007919097797185,0.27205760990034406,450,171
gm500,68,311.15000000000003,55.95000000000002,-1.688752337694173,3.673753559589386,5.362505897283559,0.03781663285423779,6.0,-0.009340111414530838,0.001267966339923987,0.267169879692448,444,172
gm500,69,349.65000000000003,59.45000000000002,-1.6817195534706038,8.732157230377197,10.413876783847801,0.03441473735221712,5.0,0.0,0.0,0.4134732802278849,499,177
gm500,70,330.05,59.45000000000002,-1.678001344203949,6.716574192047119,8.394575536251068,0.04846887403340108,12.0,0.021313365193691425,0.0,0.2562386281241523,471,177
gm500,71,339.85,58.75,-1.6669474124908454,8.595776319503784,10.26272373199463,0.0530823360928752,7.0,0.0,0.0,0.3546929026874948,485,176
gm500,72,331.45000000000005,59.45000000000002,-1.6662927317619385,7.052865624427795,8.719158356189734,0.04818204022914568,10.0,0.0,0.0,0.37320576607254424,473,177
gm500,73,313.25000000000006,55.95000000000002,-1.6652643382549304,4.087972521781921,5.753236860036852,0.028562818760736703,6.0,-0.014486354357359238,0.0,0.2866957279101563,447,172
gm500,74,310.45000000000005,55.95000000000002,-1.661576942205441,3.5387909412384033,5.200367883443844,0.04038454248559573,7.0,-0.00564568538607091,0.0010477247485596306,0.24637307737613887,443,172
gm500,75,344.75000000000006,58.75,-1.6560031175613403,8.860799551010132,10.516802668571472,0.04331852020808155,7.0,0.0007515589993545292,0.0,0.4339540026126697,492,176
gm500,76,301.35,56.650000000000006,-1.6556548500061128,0.8203208744525909,2.4759757244587037,0.05001886788833765,2.0,0.23223659607481295,-0.023403950444844668,-0.41608189154497466,430,173
gm500,77,344.05,58.05000000000001,-1.6481254005432078,9.047619104385376,10.695744504928584,0.0515126464768592,8.0,0.005295097025168617,0.0,0.3998336844854262,491,175
gm500,78,309.75000000000006,55.25,-1.6398996710777496,3.331182301044464,4.971081972122214,0.047713611285259784,7.0,-0.004770320847455877,0.0018482090354154932,0.2453856389424329,442,171
gm500,79,350.35,58.75,-1.627258455753326,9.041109800338745,10.668368256092071,0.04021351738961871,4.0,0.0,0.0,0.3338079395327357,500,176
gm500,80,313.95000000000005,55.95000000000002,-1.618647243976591,4.225087404251099,5.84373464822769,0.02535532862808178,6.0,-0.008962097117546367,0.0,0.27617461794546655,448,172
gm500,81,316.75000000000006,59.45000000000002,-1.6162205114960582,3.3482194542884827,4.964439965784541,0.01406789818707988,1.0,0.1558583183077644,-0.008391639677540752,-0.26313389381611896,452,177
gm500,82,351.05,58.05000000000001,-1.6129758906364415,9.28883957862854,10.901815469264982,0.04409764809854409,3.0,0.0,0.0,0.25764486728196656,501,175
gm500,83,301.35,58.75,-1.6106591403484463,1.4516605138778687,3.062319654226315,0.06824397499952696,4.0,0.09949681021225842,-0.0011227031120775168,-0.547217559716021,430,176
gm500,84,329.35,59.45000000000002,-1.6098033380508454,6.615912199020386,8.225715537071231,0.04583475558227269,13.0,0.027156162891515134,0.0,0.211105152541139,470,177
gm500,85,309.75000000000006,55.95000000000002,-1.608415430784241,3.407205283641815,5.015620714426056,0.042702968065569905,7.0,-0.0024456147462359463,0.0005909407875037686,0.22443538094307094,442,172
gm500,86,358.75000000000006,58.75,-1.6068816781044006,8.290452003479004,9.897333681583405,0.03073257634322428,1.0,0.0006727400000272609,0.0,0.4025997320343739,512,176
gm500,87,348.95000000000005,59.45000000000002,-1.6062528347969014,8.802132844924927,10.408385679721828,0.033846829654818285,6.0,0.0,0.0,0.43310446553454846,498,177
gm500,88,316.05,55.25,-1.60331884622574,4.853723645210266,6.457042491436006,0.025174870903311494,7.0,-0.0021305760841983093,0.00016850278612423608,0.24761883787984168,451,171
gm500,89,358.75000000000006,59.45000000000002,-1.6013353705406193,8.325256824493408,9.926592195034027,0.026307251472161584,2.0,0.00014652624713562548,0.0,0.4041974478989527,512,177
gm500,90,339.85,58.05000000000001,-1.5945039939880346,8.877116203308105,10.47162019729614,0.05466132465341504,8.0,0.0,0.0,0.24902791423535656,485,175
gm500,91,313.25000000000006,58.75,-1.5907182991504678,3.0482659935951233,4.638984292745591,0.0016182636344333787,3.0,0.04313611404583639,-7.176132967856566e-05,0.008136659316131485,447,176
gm500,92,311.85,59.45000000000002,-1.5868043398857097,2.5912373661994934,4.178041706085203,0.009768635449543107,2.0,0.21575276292196577,-0.020701673655310057,-0.19471498665096731,445,177
gm500,93,341.95000000000005,57.35000000000002,-1.5823150801658574,9.233412504196167,10.815727584362024,0.06327390740651934,9.0,0.002785411146533079,0.0,0.31415354066951623,488,174
gm500,94,352.45000000000005,57.35000000000002,-1.575547168254852,9.483023881912231,11.058571050167084,0.050813784140872266,1.0,0.0366596346265169,-0.0006059508990574614,0.11561648443986886,503,174
gm500,95,345.45000000000005,58.75,-1.5736885786056547,8.977896928787231,10.551585507392886,0.04260028729835178,7.0,0.0015163643115556624,0.0,0.42893345982625086,493,176
gm500,96,300.65000000000003,59.45000000000002,-1.5672601521015368,1.1915038228034973,2.758763974905034,0.07113161092636046,4.0,0.285127502505702,-0.020511580517279526,-0.7701000260898502,429,177
gm500,97,341.25000000000006,57.35000000000002,-1.5640571475028917,9.214412212371826,10.778469359874718,0.06348345157684836,9.0,0.004112653876973126,0.0,0.27523031800401904,487,174
gm500,98,344.75000000000006,59.45000000000002,-1.561478114128107,8.746087789535522,10.30756590366363,0.03707711518376335,6.0,0.002334155151402228,0.0,0.3954748088253401,492,177
gm500,99,344.75000000000006,58.05000000000001,-1.5609298706054648,9.169447660446167,10.730377531051632,0.050340423251342165,8.0,0.005571418828367315,0.0,0.40913492367645493,492,175
gm500,100,314.65000000000003,55.95000000000002,-1.559171781539912,4.3635828495025635,5.9227546310424755,0.022474524643706296,6.0,-0.008117650943120225,0.0008668623978635992,0.2651870897809436,449,172
