run,region,group,cells,area_share,sst_bias_c,sst_rmse_c,sse_share,cold_lt_minus1_share,mean_land_distance_cells,mean_depth_m,mean_speed_m_s,mean_distance_to_deep_cells,counterfactual_rmse_if_group_zero_c
gm0,global_ocean,land_land_dist_0_3,8812,0.1358322848702747,-1.164956683351941,1.68460024792081,0.3497154548333823,0.5206536541080345,1.9587732754356306,1460.73332460793,0.15168254717893734,0.9953928492183225,0.846628076868928
gm0,global_ocean,land_land_dist_4_7,9441,0.14382289410548912,-0.7111013886211114,1.0497043187775517,0.14377391219454977,0.2699925855311937,5.440707735863483,3452.6111634760327,0.17115666203988975,0.028261291948816727,0.9714829404228352
gm0,global_ocean,land_land_dist_ge8,48856,0.7203448210242362,-0.5767412709195174,0.8803695542872005,0.506510632972068,0.1904576715244801,22.928889018671,4330.894209280799,0.21712470830024475,6.226935646310328e-05,0.7375302716350911
gm0,global_ocean,depth_depth_100_200,590,0.008041645971177281,-1.6851157850939338,2.5889138882928364,0.04889880646484496,0.6237288135593221,1.0871602894667163,147.22484943739028,0.09964234927982593,6.3284695350774225,1.0238923873010704
gm0,global_ocean,depth_depth_200_500,1305,0.019145901532373753,-1.3780000612106864,1.9503734498366316,0.0660738285834914,0.6061302681992338,1.3883555446121048,349.70527546094894,0.11442462617938388,2.636598939756064,1.0146055265214686
gm0,global_ocean,depth_depth_500_1000,1977,0.029191905805697204,-1.3056525485340138,1.9077483402297284,0.09638794394900933,0.5786545270612038,1.777878121961279,744.6528688478861,0.13490534034523313,1.2998324361448075,0.9980032578961598
gm0,global_ocean,depth_depth_ge1000,63237,0.943620546690752,-0.6336395844746137,0.9598016611981487,0.7886394210026545,0.22358745671047014,18.522324436927725,4011.2514642259366,0.206326683062528,0.0,0.48267293324561195
gm0,global_ocean,coastal_shallow,590,0.008041645971177281,-1.6851157850939338,2.5889138882928364,0.04889880646484496,0.6237288135593221,1.0871602894667163,147.22484943739028,0.09964234927982593,6.3284695350774225,1.0238923873010704
gm0,global_ocean,coastal_deep,8222,0.12779063889909742,-1.1322239622314407,1.610802756118154,0.30081664836853733,0.5132571150571638,2.01362238736923,1543.3901626084246,0.1549573476759056,0.6597914701636225,0.877882698654239
gm0,global_ocean,interior_deep,58297,0.8641677151297253,-0.5991027415482791,0.9107383999030533,0.6502845451666178,0.20333807914643978,20.01834190993383,4184.722109490583,0.20947427501768826,0.0047554151071922315,0.6208666944553998
gm0,north_atlantic_40_60,land_land_dist_0_3,368,0.17229489117322566,-0.7278984530183016,1.0350382918595094,0.1666343417971294,0.3804347826086957,2.006386397133304,1063.9613948528367,0.0633918832004229,1.1552519386496314,0.9607893089162399
gm0,north_atlantic_40_60,land_land_dist_4_7,512,0.23518531868022638,-0.9835957814697847,1.1505954944668009,0.2810831564981519,0.458984375,5.487746612082321,2671.156065339349,0.06839467771145949,0.02755921593848456,0.8923797185347551
gm0,north_atlantic_40_60,land_land_dist_ge8,1209,0.5925197901465479,-0.802599847576477,1.01610730469407,0.5522825017047187,0.27956989247311825,14.882456138738526,3484.043496937902,0.0917966204926047,0.0,0.7042265528868038
gm0,north_atlantic_40_60,depth_depth_100_200,36,0.016445362021751144,-0.9290393659680187,1.1630826562764995,0.0200837068550735,0.4722222222222222,1.0236087110915142,145.69116207794806,0.05612039063073713,3.554992684692434,1.0418491729842658
gm0,north_atlantic_40_60,depth_depth_200_500,83,0.0384805627517804,-0.4936157443187235,1.0139482057518612,0.035715129804905224,0.3373493975903614,1.4439418033904747,345.83272031421296,0.061024590600703636,2.3723010354353398,1.03350608567761
gm0,north_atlantic_40_60,depth_depth_500_1000,103,0.04896806678010174,-0.5394133623331264,0.9442044846458056,0.0394116259751978,0.33980582524271846,2.2619313901386198,739.3854194748785,0.06732035662766056,1.139005747076027,1.0315232589837615
gm0,north_atlantic_40_60,depth_depth_ge1000,1867,0.8961060084463668,-0.861069703998262,1.0575586267844863,0.9047895373648234,0.339046598821639,11.462168021148385,3151.3977610493353,0.0835069811476023,0.0,0.32475264702690715
gm0,north_atlantic_40_60,coastal_shallow,36,0.016445362021751144,-0.9290393659680187,1.1630826562764995,0.0200837068550735,0.4722222222222222,1.0236087110915142,145.69116207794806,0.05612039063073713,3.554992684692434,1.0418491729842658
gm0,north_atlantic_40_60,coastal_deep,332,0.15584952915147457,-0.7066739093905267,1.0205903717077394,0.1465506349420559,0.3704819277108434,2.110089853421244,1160.857975124846,0.06415917668150059,0.9020294519222937,0.9722976626862371
gm0,north_atlantic_40_60,interior_deep,1721,0.8277051088267743,-0.8540282922466566,1.056064256979573,0.8333656582028706,0.33294596165020335,12.213029877655469,3253.0684943519664,0.08514715885218861,0.007830715207565725,0.4296280389565218
gm0,near_wall_55_60,land_land_dist_0_3,122,0.22045370548253768,-1.4525611883686806,1.5390456170866214,0.37136851771268126,0.8360655737704918,2.115348995778417,1154.889813328699,0.03615695177769151,1.378738772496167,0.9401685414219835
gm0,near_wall_55_60,land_land_dist_4_7,238,0.43233431094384495,-1.2104946692222598,1.2523574397462305,0.48223752295275657,0.7058823529411765,5.578828735699803,2505.5261638128527,0.03730132626667411,0.003985324527636809,0.8532434017877983
gm0,near_wall_55_60,land_land_dist_ge8,188,0.34721198357361727,-0.6837966442437804,0.7699665836333536,0.14639395933456223,0.21808510638297873,10.263354747846726,2333.8456047681702,0.050413489522177383,0.0,1.0955605660897096
gm0,near_wall_55_60,depth_depth_100_200,14,0.025178333133927932,-1.5193956026344948,1.5755053972123094,0.04444792202941665,0.8571428571428571,1.0698429162155876,151.93124234166712,0.038795096167837224,4.614858343717025,1.1591371698266708
gm0,near_wall_55_60,depth_depth_200_500,23,0.04137984319869388,-1.5863720226445472,1.637118710848911,0.0788740027439327,0.9565217391304348,1.4614194547541939,338.3005754817463,0.041799118868292594,3.220332501606084,1.1380652736986712
gm0,near_wall_55_60,depth_depth_500_1000,24,0.04377166134302997,-1.51404085046881,1.5778172188337904,0.07749810964823836,0.9583333333333334,2.160731931006311,784.744567964409,0.0461553957099206,1.284387372781538,1.1389149250279174
gm0,near_wall_55_60,depth_depth_ge1000,487,0.8896701623243481,-1.0237631263268006,1.1238683299653403,0.7991799655784123,0.5215605749486653,7.036120386490208,2355.9181180090272,0.04144795594426236,0.0,0.5313872997100862
gm0,near_wall_55_60,coastal_shallow,14,0.025178333133927932,-1.5193956026344948,1.5755053972123094,0.04444792202941665,0.8571428571428571,1.0698429162155876,151.93124234166712,0.038795096167837224,4.614858343717025,1.1591371698266708
gm0,near_wall_55_60,coastal_deep,108,0.1952753723486098,-1.4439437210098602,1.534281524386403,0.3269205956832646,0.8333333333333334,2.2501540152141777,1284.2088601502192,0.035816795835282585,0.9614813598206823,0.972838619339372
gm0,near_wall_55_60,interior_deep,426,0.7795462945174623,-0.9759019743646895,1.0648409877220517,0.6286314822873187,0.49061032863849763,7.665329024674372,2429.059188257757,0.04314151849759543,0.0022102504311305765,0.7226203603503293
gm500,global_ocean,land_land_dist_0_3,8812,0.1358322848702747,-1.1815280392754166,1.6922491256184902,0.34626659338826155,0.5327961870177031,1.9587732754356306,1460.73332460793,0.151841096936627,0.9953928492183225,0.8569605772552189
gm500,global_ocean,land_land_dist_4_7,9441,0.14382289410548912,-0.7570887430727319,1.085618365867867,0.1508903197530441,0.2889524414786569,5.440707735863483,3452.6111634760327,0.17160571314202056,0.028261291948816727,0.9766577492482358
gm500,global_ocean,land_land_dist_ge8,48856,0.7203448210242362,-0.6070067190260038,0.8855366233098816,0.5028430868586943,0.2159611920746684,22.928889018671,4330.894209280799,0.2177007669017349,6.226935646310328e-05,0.7473211022344721
gm500,global_ocean,depth_depth_100_200,590,0.008041645971177281,-1.6831170307848444,2.583497267570048,0.047779318860892296,0.6305084745762712,1.0871602894667163,147.22484943739028,0.09959701123588428,6.3284695350774225,1.0342590007572
gm500,global_ocean,depth_depth_200_500,1305,0.019145901532373753,-1.383453081939942,1.9469904272712697,0.06460742690891484,0.6091954022988506,1.3883555446121048,349.70527546094894,0.11439784125851425,2.636598939756064,1.025079298314701
gm500,global_ocean,depth_depth_500_1000,1977,0.029191905805697204,-1.315102360440822,1.9080280638209521,0.09460431745669923,0.5816894284269094,1.777878121961279,744.6528688478861,0.1349684399455618,1.2998324361448075,1.0085088505235809
gm500,global_ocean,depth_depth_ge1000,63237,0.943620546690752,-0.665752419142385,0.9716298547768698,0.7930089367734936,0.2475923905308601,18.522324436927725,4011.2514642259366,0.20685668026667203,0.0,0.48221009934127845
gm500,global_ocean,coastal_shallow,590,0.008041645971177281,-1.6831170307848444,2.583497267570048,0.047779318860892296,0.6305084745762712,1.0871602894667163,147.22484943739028,0.09959701123588428,6.3284695350774225,1.0342590007572
gm500,global_ocean,coastal_deep,8222,0.12779063889909742,-1.1499639033769842,1.619846619168877,0.2984872745273693,0.5257844806616395,2.01362238736923,1543.3901626084246,0.15512872774364525,0.6597914701636225,0.887724653433092
gm500,global_ocean,interior_deep,58297,0.8641677151297253,-0.6319847767267243,0.9218533217039103,0.6537334066117384,0.22778187556821106,20.01834190993383,4184.722109490583,0.21002919584023666,0.0047554151071922315,0.623685721354104
gm500,north_atlantic_40_60,land_land_dist_0_3,368,0.17229489117322566,-0.7412943650375075,1.0384904242354507,0.14337811005022824,0.391304347826087,2.006386397133304,1063.9613948528367,0.06339819905665797,1.1552519386496314,1.05363904181178
gm500,north_atlantic_40_60,land_land_dist_4_7,512,0.23518531868022638,-1.0619590219941826,1.2263377422224018,0.27292030958940644,0.517578125,5.487746612082321,2671.156065339349,0.06883311919714537,0.02755921593848456,0.9707072593785899
gm500,north_atlantic_40_60,land_land_dist_ge8,1209,0.5925197901465479,-0.8998195989934735,1.1299032948686567,0.5837015803603652,0.32340777502067825,14.882456138738526,3484.043496937902,0.09210992464476404,0.0,0.7345132792158356
gm500,north_atlantic_40_60,depth_depth_100_200,36,0.016445362021751144,-1.0171460461262871,1.2852020585114154,0.020960021410990775,0.5277777777777778,1.0236087110915142,145.69116207794806,0.05614089257691841,3.554992684692434,1.1264125585674096
gm500,north_atlantic_40_60,depth_depth_200_500,83,0.0384805627517804,-0.5798567532238063,1.10615953089097,0.03633142269450951,0.3493975903614458,1.4439418033904747,345.83272031421296,0.061020445562186665,2.3723010354353398,1.1175349640365277
gm500,north_atlantic_40_60,depth_depth_500_1000,103,0.04896806678010174,-0.5951530447516704,0.9736918237725513,0.035822959642661696,0.34951456310679613,2.2619313901386198,739.3854194748785,0.06732513237875803,1.139005747076027,1.1178297491514282
gm500,north_atlantic_40_60,depth_depth_ge1000,1867,0.8961060084463668,-0.9401290380963889,1.145232932370622,0.906885596251838,0.38350294590251743,11.462168021148385,3151.3977610493353,0.08382996813825608,0.0,0.34738071441383034
gm500,north_atlantic_40_60,coastal_shallow,36,0.016445362021751144,-1.0171460461262871,1.2852020585114154,0.020960021410990775,0.5277777777777778,1.0236087110915142,145.69116207794806,0.05614089257691841,3.554992684692434,1.1264125585674096
gm500,north_atlantic_40_60,coastal_deep,332,0.15584952915147457,-0.7121862837714773,1.0089446007724405,0.12241808863923745,0.37650602409638556,2.110089853421244,1160.857975124846,0.06416399561062841,0.9020294519222937,1.0664514822175635
gm500,north_atlantic_40_60,interior_deep,1721,0.8277051088267743,-0.9458901275698899,1.1581212670556802,0.8566218899497718,0.38117373619988376,12.213029877655469,3253.0684943519664,0.085496019706065,0.007830715207565725,0.4310609645541143
gm500,near_wall_55_60,land_land_dist_0_3,122,0.22045370548253768,-1.4473809177276138,1.5373997744634365,0.33542693699405063,0.8524590163934426,2.115348995778417,1154.889813328699,0.036402304194127086,1.378738772496167,1.0160566284959303
gm500,near_wall_55_60,land_land_dist_4_7,238,0.43233431094384495,-1.2594885595501952,1.3008310529403413,0.4709430607920399,0.7352941176470589,5.578828735699803,2505.5261638128527,0.03769554235811322,0.003985324527636809,0.9065625070777396
gm500,near_wall_55_60,land_land_dist_ge8,188,0.34721198357361727,-0.8130266728373843,0.9307553015485087,0.19363000221390947,0.3723404255319149,10.263354747846726,2333.8456047681702,0.05041230092525769,0.0,1.1192155275651472
gm500,near_wall_55_60,depth_depth_100_200,14,0.025178333133927932,-1.7665524931822425,1.8348217612385045,0.05456594076853562,1.0,1.0698429162155876,151.93124234166712,0.039062343256496726,4.614858343717025,1.2118871155433641
gm500,near_wall_55_60,depth_depth_200_500,23,0.04137984319869388,-1.8191337719617047,1.8879721227535506,0.09494823644863434,0.9565217391304348,1.4614194547541939,338.3005754817463,0.04220382876425804,3.220332501606084,1.1857230318868919
gm500,near_wall_55_60,depth_depth_500_1000,24,0.04377166134302997,-1.5963594163002648,1.6368934551166074,0.07549892401388171,0.9583333333333334,2.160731931006311,784.744567964409,0.04675855062194115,1.284387372781538,1.1983957407645611
gm500,near_wall_55_60,depth_depth_ge1000,487,0.8896701623243481,-1.0748518138488146,1.1632664802571715,0.7749868987689484,0.5954825462012321,7.036120386490208,2355.9181180090272,0.04164379541722902,0.0,0.5912218131878142
gm500,near_wall_55_60,coastal_shallow,14,0.025178333133927932,-1.7665524931822425,1.8348217612385045,0.05456594076853562,1.0,1.0698429162155876,151.93124234166712,0.039062343256496726,4.614858343717025,1.2118871155433641
gm500,near_wall_55_60,coastal_deep,108,0.1952753723486098,-1.4062277085081174,1.4947498724889827,0.280860996225515,0.8333333333333334,2.2501540152141777,1284.2088601502192,0.03605932520575757,0.9614813598206823,1.0569464110525018
gm500,near_wall_55_60,interior_deep,426,0.7795462945174623,-1.0606332531164318,1.150792327333923,0.6645730630059493,0.5751173708920188,7.665329024674372,2429.059188257757,0.04335962029393119,0.0022102504311305765,0.7218475961279813
