run,region,group,cells,area_share,sst_bias_c,sst_rmse_c,speed_mean_m_s,speed_rms_m_s,alignment_mean,adv_proxy_mean_k_per_day,surface_adv_mean_k_per_day,surface_conv_mean_k_per_day,surface_gm_mean_k_per_day,surface_bulk_mean_k_per_day,surface_net_k_per_day,upper_50_200m_adv_mean_k_per_day,upper_50_200m_conv_mean_k_per_day,mean_land_distance_cells,mean_depth_m
lambda80,global_ocean,coastal_0_3,7863,0.1252188649226631,-1.0481569045583368,1.5028120428942462,0.16249662796145375,0.23417527030055507,0.008581023991655359,-0.0065358571574630426,-0.07045314091615336,0.07141885972394989,0.0,0.10251550318979565,0.10348122199759219,-0.0020284209350929236,-0.0006321474171728383,1.9867206699807658,1755.2825628871774
lambda80,north_atlantic_40_60,coastal_0_3,357,0.17825862735406853,-0.6724760229221796,0.9365577517401878,0.07048967670924046,0.0778797124343836,0.3740709167851907,-0.01706174686462628,-0.043506497012360854,0.30399077972731264,0.0,0.16575922557781747,0.4262435082927693,-0.0012086569358707106,-0.003559511887329534,2.0358728471001943,1486.330748547093
lambda80,near_wall_55_60,coastal_0_3,110,0.21342639572988906,-1.3081194925993551,1.4053642606911618,0.039970275776835186,0.04584917395674685,-0.07546574526813689,0.004810500200672815,0.00787373270509821,0.9445997770832754,0.0,0.004472447728264613,0.956945957516638,-0.0042193402017248,-0.010152374020768509,2.1972083711404418,1589.6385141430424
lambda80,global_ocean,coastal_4_7,9023,0.14175319564741645,-0.7115900431490898,1.012080186949729,0.17485496444000262,0.23759345495999776,-0.05988929513110576,-9.573743845237356e-05,-0.04882380793055162,0.036779034999435016,0.0,0.06141609632843199,0.04937132339731538,-0.00343399480033345,-0.0003886248280781662,5.447694818931171,3619.263628113675
lambda80,north_atlantic_40_60,coastal_4_7,500,0.24478642327653213,-1.0940661512991303,1.2318799295701142,0.06951319615334982,0.07899252016211929,0.4793710869704104,-0.02635262049089836,-0.08615254610247498,0.06175096473397639,0.0,0.25417945981827855,0.22977787844977995,-0.005272805051958373,-0.0007723351436541545,5.458739385394929,2982.6593945799455
lambda80,near_wall_55_60,coastal_4_7,225,0.43799644588192704,-1.1610729421960126,1.196683645404914,0.03566345485525604,0.041101784215858236,0.20058897495406586,0.0009106649625470301,-0.04669514279057444,0.16308109243103402,0.0,0.20664664199019336,0.323032591630653,0.00018539062921426181,-0.0019794054211100267,5.501086576166612,2564.3881388488344
lambda80,global_ocean,interior_ge8,48328,0.7330279394299205,-0.5786796211031541,0.8775631984758541,0.218083979980684,0.2817575166977197,0.029367772506952994,-0.010373955224226777,-0.01581988146744926,0.1652854890102064,0.0,-0.031874865628439594,0.11759074191431755,-1.1967646653824406e-05,-0.0014987214329192844,22.953578612210727,4338.704389775239
lambda80,north_atlantic_40_60,interior_ge8,1113,0.5769549493693993,-0.7913097454825971,1.0113494158232477,0.0920852898636217,0.09886426404961626,0.7314706844947656,-0.03645726550331992,-0.04897066714113349,0.46746443784067876,0.0,0.12803506236619983,0.5465288330657452,0.0026224144319512118,-0.007131240488076503,14.587002325737355,3520.822475267035
lambda80,near_wall_55_60,interior_ge8,176,0.3485771583881839,-0.683504443860275,0.7685469778251723,0.04903250735749903,0.05289108696312636,0.7410453994981636,-0.015765464896622096,-0.019246276123684104,0.6038172804227988,0.0,0.09824332014401227,0.682814324443127,0.0016088290036297317,-0.01003208814634219,10.114761766263877,2351.7827496663895
lambda80,global_ocean,coastal_0_7_shallow,1977,0.030007742736829084,-1.2117139446916396,1.7899127142425815,0.1422996746612718,0.21311463047748266,0.05253134557793168,-0.006315317926898588,-0.045308828546719304,0.15758037762262989,0.0,0.048133846167671884,0.1604053952435825,0.010114716769412025,-0.0009462267621712526,1.1445165715410948,744.6528688478861
lambda80,north_atlantic_40_60,coastal_0_7_shallow,103,0.05181399856764403,-0.37037174156240893,0.8711854309499966,0.07320095790682167,0.07877581026975819,0.4388436489888912,-0.0165108206837948,-0.013090147031052478,0.3475714681602572,0.0,0.11381346052111728,0.448294781650322,0.0033724240587290374,-0.003586105293505951,1.129771143761244,739.3854194748785
lambda80,near_wall_55_60,coastal_0_7_shallow,24,0.04689275778436463,-1.2947582326928924,1.3635085583475743,0.04736985240328092,0.050440652231474974,0.2597502114893313,-0.006698032405787251,-0.006501025360607998,1.133331233648693,0.0,-0.04956302614444171,1.0772671821436433,-0.006441636766098451,-0.009087689467085413,1.2418196213916686,784.744567964409
lambda80,global_ocean,coastal_0_7_deep,14909,0.23696431783325045,-0.8261091033618477,1.1834121276194458,0.17244706560109532,0.2387375904262208,-0.03794385615409591,-0.002711274307545127,-0.060698495007053856,0.039786170959562224,0.0,0.0848162076729042,0.06390388362541258,-0.004406976257365673,-0.00044669790392126815,4.163743752197372,2998.3051039025568
lambda80,north_atlantic_40_60,coastal_0_7_deep,754,0.3712310520629567,-0.9926345057734091,1.1471271210163578,0.06946737132650231,0.0784905437763034,0.4344643500711081,-0.023264960199386196,-0.07587223385263808,0.13817731322615878,0.0,0.23131298393397895,0.2936180633074996,-0.004527916998433144,-0.0017179608289406365,4.419348056687407,2577.2501618578453
lambda80,near_wall_55_60,coastal_0_7_deep,311,0.6045300838274513,-1.2026171828920058,1.261199500839174,0.03627590411378688,0.04205682218842802,0.09854012883919205,0.0028776813499413055,-0.03054768269847923,0.3637311749390011,0.0,0.1551439417706379,0.4883274340111598,-0.0008556266034509055,-0.004313450039162512,4.665055322965463,2358.3026063650723
lambda160,global_ocean,coastal_0_3,7863,0.1252188649226631,-0.9051519147992749,1.4095604309231373,0.16241687646901037,0.23409763887049448,0.0022733639971840025,-0.006041796902715828,-0.08032898237879024,0.08624959460485683,0.0,0.05420177870596766,0.06012239093203425,-0.0020858958898755118,-0.0007439653558177103,1.9867206699807658,1755.2825628871774
lambda160,north_atlantic_40_60,coastal_0_3,357,0.17825862735406853,-0.43785244780421056,0.8748483201703366,0.06942341927808539,0.0773352540930654,0.3432421331381269,-0.01694375184518591,-0.05505049141312728,0.32866184321007086,0.0,0.0864924896075647,0.3601038414045083,-0.0009580465516712214,-0.0042415001143872744,2.0358728471001943,1486.330748547093
lambda160,near_wall_55_60,coastal_0_3,110,0.21342639572988906,-1.2922310582782275,1.4484922112280358,0.036476471415093664,0.04300585507070036,-0.1757838996441589,0.007430861791778119,0.0017581256770919506,1.0198096586701355,0.0,-0.0008954029989281052,1.0206723813482994,-0.0032759563396181496,-0.012349305005406047,2.1972083711404418,1589.6385141430424
lambda160,global_ocean,coastal_4_7,9023,0.14175319564741645,-0.6256843405590267,0.9285377369733424,0.17482165936633098,0.23750692827969339,-0.07497416868858715,0.0011311442763811683,-0.05545855662121708,0.04058244470063764,0.0,0.03239316185937115,0.01751704993879172,-0.0033699753246587113,-0.00047383921566273023,5.447694818931171,3619.263628113675
lambda160,north_atlantic_40_60,coastal_4_7,500,0.24478642327653213,-0.7619188816404494,0.9502348837752032,0.06914896171209654,0.07874858657600516,0.5139527251322975,-0.0266295477250027,-0.11946643778255442,0.05306982988665433,0.0,0.1419646923379128,0.07556808444201274,-0.005617386869114806,-0.0006155006624608778,5.458739385394929,2982.6593945799455
lambda160,near_wall_55_60,coastal_4_7,225,0.43799644588192704,-0.9082202436657569,0.959276676737563,0.035115013875000475,0.04044280377060711,0.2778192389978929,0.00029480188480192023,-0.08887480752915401,0.136011820565386,0.0,0.12122126185230163,0.16835827488853358,-0.0006785019571559663,-0.0015774568307323198,5.501086576166612,2564.3881388488344
lambda160,global_ocean,interior_ge8,48328,0.7330279394299205,-0.6179393988713999,0.9359661890443929,0.21828784830501113,0.2817800664658346,0.022019635986603232,-0.010180749687775808,-0.01638193209655983,0.1875846093811987,0.0,-0.01861109008055771,0.15259158720408114,-7.17318237351122e-06,-0.0017916868864706955,22.953578612210727,4338.704389775239
lambda160,north_atlantic_40_60,interior_ge8,1113,0.5769549493693993,-0.616691814208427,0.8121521651228273,0.09237618674316857,0.0990034174133864,0.7490766810824553,-0.036915165060394634,-0.05838209824838403,0.4563806108106452,0.0,0.06904101862178101,0.4670395311840421,0.0024381142795198677,-0.0069666749371154,14.587002325737355,3520.822475267035
lambda160,near_wall_55_60,interior_ge8,176,0.3485771583881839,-0.5929277153842242,0.66218524827412,0.05093413252350713,0.054431806303585,0.7825017709994909,-0.01713660684969928,-0.040830292132980554,0.4952464601086393,0.0,0.06764229628035989,0.5220584642560187,0.00025576276635049064,-0.008094419244680441,10.114761766263877,2351.7827496663895
lambda160,global_ocean,coastal_0_7_shallow,1977,0.030007742736829084,-1.1074985394239933,1.7371084039751252,0.14226662258252976,0.2130659631929966,0.0369443350683845,-0.005638650394994091,-0.051456094212362,0.20548173162323533,0.0,0.01292504411429832,0.16695068152517162,0.010217699354156284,-0.0011202703295129979,1.1445165715410948,744.6528688478861
lambda160,north_atlantic_40_60,coastal_0_7_shallow,103,0.05181399856764403,-0.16334922694195797,0.8537913778555577,0.07276996257639026,0.07851188254462849,0.41590844784827546,-0.016452698721755685,-0.02023629008112368,0.4442341126309661,0.0,0.043871644153916714,0.467869466703759,0.0021890647992474704,-0.004859591215638843,1.129771143761244,739.3854194748785
lambda160,near_wall_55_60,coastal_0_7_shallow,24,0.04689275778436463,-1.2396511726785633,1.3321014049948259,0.04580657820401349,0.04904715358077129,0.07609600505230321,-0.0033415010933292226,-0.01800181264586743,1.4756266510451128,0.0,-0.06818074933809928,1.3894440890611464,-0.011664420318294273,-0.014141457955019782,1.2418196213916686,784.744567964409
lambda160,global_ocean,coastal_0_7_deep,14909,0.23696431783325045,-0.7123491012721311,1.0879121605400754,0.1723891848457416,0.2386513403734088,-0.04832700615164378,-0.0018019610201422663,-0.06910766369083679,0.04383244158979584,0.0,0.046382797709361406,0.02110757560832047,-0.004412092041291519,-0.0005347215891211604,4.163743752197372,2998.3051039025568
lambda160,north_atlantic_40_60,coastal_0_7_deep,754,0.3712310520629567,-0.6898523066938682,0.9279889583275976,0.06877535583013944,0.07810638859361994,0.445664876850085,-0.02339901667964424,-0.1023849263803699,0.1308081232179325,0.0,0.12901910055562285,0.15744229739318547,-0.004469626918991347,-0.0017642795183076833,4.419348056687407,2577.2501618578453
lambda160,near_wall_55_60,coastal_0_7_deep,311,0.6045300838274513,-1.0180846417898224,1.1268558659801795,0.03476633650337913,0.04063745176465417,0.13332432210277048,0.0030962171753699,-0.06237483587398837,0.34411983162417875,0.0,0.0928002825449529,0.3745452782951433,-0.0007433545082909333,-0.004405829008541971,4.665055322965463,2358.3026063650723
