time_s,K_J,PE_J,E_J,signed_relative_change,eta_mode_a,u_mode_a,modal_amplitude_ratio,phase_error_rad
0.0,0.0,25174944062.566784,25174944062.566784,0.0,1.0000000000000286,0.0,1.0000000000000286,0.0
1000.0,957108720.7261785,24245994968.76251,25203103689.488686,0.001118557675914511,0.9813767125411491,0.19490453976021055,1.000543867872475,-0.00029743342810355065
2000.0,3681579131.931303,21544145395.472546,25225724527.403847,0.002017103383064489,0.9250823150113964,0.38225958854399816,1.0009493906190619,-0.0008510576834718613
3000.0,7757239793.794797,17480822410.66205,25238062204.456844,0.002507181018285287,0.833290965446103,0.5548747040054418,1.0011292475196323,-0.0015884077932558371
4000.0,12562728931.964005,12674210863.93425,25236939795.898254,0.002462596666645833,0.7095388943720076,0.7061278039627711,1.001030428186844,-0.0024095246514354903
5000.0,17366124961.634262,7855104904.225914,25221229865.860176,0.0018385662815518788,0.558588174583371,0.8302192104443051,1.0006421369176635,-0.0032019621305322795
6000.0,21436325116.15043,3755699399.1202188,25192024515.27065,0.0006784703338928999,0.3862434743850554,0.9223940325488985,0.9999973863900132,-0.0038575458307373114
7000.0,24154223425.61045,998244363.4431435,25152467789.053593,-0.0008928033149678827,0.19912884564184824,0.9791243613221479,0.9991680599884881,-0.004288534703152275
8000.0,25106781391.17664,494768.59870146774,25107276159.77534,-0.0026879067783931454,0.004433129971370831,0.998244295465904,0.9982541390205011,-0.004440897732852512
9000.0,24149697756.744583,912322463.6551876,25062020220.399773,-0.004485564769731498,-0.19036623172254089,0.9790326300299961,0.9973686343793309,-0.00430272839057179
10000.0,21429168668.323566,3593108313.9312615,25022276982.25483,-0.006064247051851823,-0.37779037533545284,0.9222400513569731,0.9966204292623219,-0.0039064048388484955
11000.0,17359457116.562138,7633324659.640643,24992781776.20278,-0.007235856648232342,-0.550646146123863,0.8300598131817122,0.996097621571461,-0.0033239636571873996
12000.0,12559712868.090872,12416995859.288101,24976708727.378975,-0.007874310850309651,-0.7023021640126661,0.7060430390417638,0.9958539564394989,-0.002656213990078274
13000.0,7759678510.465072,17215510623.506752,24975189133.971825,-0.007934672192260406,-0.826943226617363,0.554961921695957,0.9959005143993074,-0.0020172036290828886
14000.0,3688642136.7703366,21298498690.489697,24987140827.260033,-0.007459926617513379,-0.9197932902152682,0.3826260894853629,0.9962040057537861,-0.0015165165816990605
15000.0,964535062.5416006,24044899187.32821,25009434249.86981,-0.006574386512464003,-0.9772984786347946,0.1956592057940914,0.996691948976141,-0.0012423040391338846
16000.0,39356.69195609116,25037330409.5818,25037369766.273754,-0.00546473096230593,-0.997263107562748,0.0012443920856178633,0.9972638839431476,-0.0012478065520849463
17000.0,939971750.2727541,24125421657.601513,25065393407.874268,-0.004351574900037569,-0.9789335180216262,-0.1931517410148647,0.9978068088378986,-0.0015434564982096796
18000.0,3639444533.439921,21448497513.399315,25087942046.839237,-0.003455897082087711,-0.9230265182922006,-0.38006585218171973,0.99821240498465,-0.0020956420373351016
19000.0,7686096611.07965,17414192773.456787,25100289384.536438,-0.0029654357064233805,-0.8317013612453583,-0.5523244043629822,0.998393410411099,-0.0028321145345273683
20000.0,12462983914.283665,12636280190.861315,25099264105.14498,-0.0030061618899218656,-0.708476352234797,-0.703318975565736,0.9982967109365634,-0.003653046320658133
21000.0,17242537663.413616,7841193410.091556,25083731073.505173,-0.0036231655107126226,-0.5580933081127284,-0.8272597794196384,0.997911260185813,-0.004446019299614049
22000.0,21297281074.91762,3757481488.1196494,25054762563.03727,-0.004773853686857454,-0.38633508892552193,-0.9193976696605302,0.9972697107163659,-0.005102779563597386
23000.0,24010456435.26878,1005017252.0905467,25015473687.359325,-0.00633448776732648,-0.1998032237495333,-0.9762061159732491,0.9964435303037913,-0.005535409996851024
24000.0,24969739592.592415,807697.7946232455,24970547290.38704,-0.008119055663907804,-0.005664181807829102,-0.9955161783434875,0.9955322919419411,-0.005689631982666617
25000.0,24029802276.29882,895718480.0476301,24925520756.34645,-0.009907601208584471,0.18862595912841704,-0.9765993139694505,0.9946486678735948,-0.0055532561356074
26000.0,21334229666.759354,3551713689.9769664,24885943356.73632,-0.011479696046680976,0.37560786899842286,-0.920194855403612,0.993901324661966,-0.005158385347209979
27000.0,17293487961.82106,7563044403.1687565,24856532364.989815,-0.012647960479500009,0.5481053486676506,-0.8284811239037121,0.9933782994926177,-0.004576831582852404
28000.0,12522322437.366495,12318133832.586012,24840456269.952507,-0.013286535683375567,0.6995007451421131,-0.7049913063189965,0.9931334424133228,-0.003909266130457718
29000.0,7746133619.255686,17092720383.730282,24838854002.98597,-0.013350180987315663,0.8239888286431317,-0.5544773441167877,0.9931780881933948,-0.00326970825619664
30000.0,3690590171.1684303,21160072958.384964,24850663129.553394,-0.012881098452789397,0.9167993919830272,-0.3827270779766563,0.9934793109858896,-0.0027678274189842467
31000.0,971276535.0408539,23901506384.1446,24872782919.185455,-0.012002455402894796,0.9743800367653294,-0.19634168420159104,0.9939650461670783,-0.0024919600834787583
32000.0,156552.71766612015,24900390714.3104,24900547267.028065,-0.010899599016258588,0.9945321424475012,-0.0024819612706115705,0.9945352394425074,-0.0024956017127073563
