group,region,cells,baseline_sst_bias_c,baseline_sst_rmse_c,baseline_advection_k_per_day,baseline_horizontal_diffusion_k_per_day,baseline_vertical_diffusion_k_per_day,baseline_convection_k_per_day,baseline_bulk_k_per_day,baseline_sst_restore_k_per_day,baseline_net_k_per_day,restore_sst_bias_c,restore_sst_rmse_c,restore_advection_k_per_day,restore_horizontal_diffusion_k_per_day,restore_vertical_diffusion_k_per_day,restore_convection_k_per_day,restore_bulk_k_per_day,restore_sst_restore_k_per_day,restore_net_k_per_day,delta_advection_k_per_day,delta_horizontal_diffusion_k_per_day,delta_vertical_diffusion_k_per_day,delta_convection_k_per_day,delta_bulk_k_per_day,delta_sst_restore_k_per_day
land_0_3,global_ocean,5174,-0.7828279782747777,1.2926838006217618,-0.03460794893573425,0.000106487994409058,-0.001364443475937625,0.2576636537816159,3.125419100771441e-08,0.0,0.22179778061854408,-0.232753210180093,0.5174053460834397,-0.0720353953073654,5.213863165162994e-05,-0.0019629654262434807,0.0735018654859022,-4.270616032128781e-06,0.465506420360186,0.46505779312809886,-0.037427446371631146,-5.434936275742806e-05,-0.0005985219503058558,-0.18416178829571367,-4.3018702231364955e-06,0.465506420360186
land_0_3,north_atlantic_40_60,217,-0.37079314809628355,0.8476008004395718,-0.06988067240291582,0.00028715945300775766,-0.0015715842873364788,0.39730592981745555,1.8797811732205337e-06,0.0,0.32614271236138426,-0.12479358193047997,0.2834576321697444,-0.09083492976741851,0.00030287585935307994,-0.0018620380264492131,0.08021160806216027,-4.4063129361634695e-08,0.24958716386095994,0.23740463592547623,-0.020954257364502696,1.5716406345322282e-05,-0.0002904537391127343,-0.3170943217552953,-1.9238443025821684e-06,0.24958716386095994
land_0_3,near_wall_55_60,67,-1.3123338824216422,1.439140071413632,0.00028366706585995045,0.00030241192031560475,0.00018052173720243403,1.3984484151238705,-1.118962818062484e-06,0.0,1.3992138968844303,-0.43730260075523936,0.49105624072520454,-0.026939505179178196,0.00020753243955086984,-0.0004957709936490101,0.2355425562959985,-7.962161658016757e-06,0.8746052015104787,1.082912051911543,-0.027223172245038146,-9.48794807647349e-05,-0.000676292730851444,-1.162905858827872,-6.843198839954273e-06,0.8746052015104787
land_4_7,global_ocean,6402,-0.5259309571048862,0.9045171895019628,-0.026350066505024115,-8.664492365378302e-05,-0.0010487093926616485,0.08836646746992224,4.5638413449639315e-07,0.0,0.060881503032717194,-0.14796560219589397,0.37758874750511007,-0.045338458792734224,-4.5102415895691e-05,-0.0012707433685997598,0.027987569765582258,-2.4995011377768742e-06,0.29593120439178794,0.2772619700790027,-0.01898839228771011,4.1542507758092025e-05,-0.0002220339759381113,-0.06037889770433999,-2.9558852722732675e-06,0.29593120439178794
land_4_7,north_atlantic_40_60,353,-0.56357555069711,0.814683555318313,-0.059886311787574746,-5.55369581018702e-06,-0.0012703462287252624,0.1229878670894119,2.6736533318828185e-06,0.0,0.061828329030633594,-0.16364274318387545,0.24552758962456378,-0.10756206356266912,-2.5583258997518648e-05,-0.001760866667326657,-0.012233733618158797,-4.540288227736908e-07,0.3272854863677509,0.20570278523177601,-0.04767575177509437,-2.0029563187331627e-05,-0.0004905204386013947,-0.1352216007075707,-3.1276821546565094e-06,0.3272854863677509
land_4_7,near_wall_55_60,157,-0.9552634005117857,1.0526077729309447,-0.02293675089622883,-0.00011042219338225148,-0.0001687044605138357,0.3205622733323394,1.8166304618661454e-06,0.0,0.29734821241267645,-0.2866574374251008,0.3250503125102045,-0.11120113859927337,-0.00013109700602945322,-0.0010052665421784062,-0.031621552023972814,-3.4122152341048005e-06,0.5733148748502016,0.42935240846351347,-0.08826438770304454,-2.067481264720174e-05,-0.0008365620816645705,-0.3521838253563122,-5.228845695970946e-06,0.5733148748502016
land_8_14,global_ocean,10279,-0.5612920659980234,0.8065663596229171,-0.00847426854869195,-3.5846996880793334e-06,-0.0001857566752897019,0.19468289258341215,-2.0505276815440114e-07,0.0,0.18601907760697428,-0.3500138507350666,0.5824261377029251,-0.018240707288461076,-1.4480894911421111e-05,-0.0005241725064932359,0.14703461636517043,-1.857358083276015e-06,0.0,0.1282533983172214,-0.009766438739769127,-1.0896195223341777e-05,-0.00033841583120353396,-0.04764827621824172,-1.652305315121614e-06,0.0
land_8_14,north_atlantic_40_60,534,-0.6246742156165611,0.7628848423651462,-0.04063944803787521,1.4518886385811128e-05,-0.00015767306253666329,0.20580290124773742,2.179227835621389e-06,0.0,0.16502247826154698,-0.4115149026475758,0.5373316302996095,-0.06353314587444026,-5.545209635435896e-06,-0.0004873347750313941,0.13617818084117284,5.122113599853528e-07,0.0,0.07215266719342574,-0.022893697836565044,-2.0064096021247024e-05,-0.00032966171249473083,-0.06962472040656459,-1.6670164756360362e-06,0.0
land_8_14,near_wall_55_60,177,-0.7259127424995611,0.7671043286569915,-0.029930941021772652,-7.402505677831946e-05,3.317943280115022e-06,0.3765174926668659,1.783000477025192e-06,0.0,0.34651762753207216,-0.3647575031540672,0.42531634333610047,-0.058623532107501826,-0.00010191884108985645,-0.0004729055891067847,0.17372716137040153,-1.0414209656298256e-06,0.0,0.11452776341173744,-0.028692591085729174,-2.7893784311536993e-05,-0.0004762235323868997,-0.20279033129646437,-2.8244214426550174e-06,0.0
interior_ge15,global_ocean,42745,-0.5729948788651302,0.822809465721745,-0.012901832141248305,5.518170722815663e-07,-3.164445042330045e-05,0.33256521751522444,-8.753449477013598e-07,0.0,0.3196314173956774,-0.5686430770404068,0.8115602769330214,-0.01285006215087391,3.7559805377106684e-06,-3.4158914824317056e-05,0.32675819349837565,-9.093782969342522e-07,0.0,0.31387681903491815,5.176999037439546e-05,3.2041634654291023e-06,-2.514464401016608e-06,-0.005807024016848794,-3.403334923289242e-08,0.0
interior_ge15,north_atlantic_40_60,865,-0.6874133956028667,0.8052315765656431,-0.04099599453747,-3.4424152871286553e-05,0.00011998978194689296,0.22760967162072981,2.046890170390831e-06,0.0,0.1867012896025058,-0.6845332789535751,0.8024385675872898,-0.04042755983019797,-2.4664537361003777e-05,0.00012092536172093707,0.2285392051568094,2.0243661631623896e-06,0.0,0.18820993051713453,0.0005684347072720322,9.759615510282776e-06,9.355797740441123e-07,0.0009295335360795798,-2.2524007228441553e-08,0.0
interior_ge15,near_wall_55_60,105,-0.5440464511323804,0.5625441521888539,-0.04871376130129504,-1.7803599990639883e-05,8.438279968526636e-05,0.43136231869247865,1.8943297889975834e-06,0.0,0.3827170309206673,-0.5289093485254932,0.5514158211857398,-0.04763846084941577,3.696969438086044e-05,8.033812025694526e-05,0.4465435200433736,1.7759497891392358e-06,0.0,0.39902414295838473,0.0010753004518792714,5.477329437150032e-05,-4.044679428321103e-06,0.015181201350894957,-1.1837999985834759e-07,0.0
